node_id,label,entry_id,has_notice,affil_degree,affil_component_size,affil_in_giant,affil_betweenness,affil_closeness,comem_degree,comem_component_size,comem_in_giant,comem_betweenness,comem_closeness,comem_clustering
L1912-00006,ABD UL WAHAB (Hassen-I-Iusny),L1912-00006,1,2,1215,1,0.003292176599,0.1390925756,10,747,1,0.002680965147,0.2595685456,0.8
L1912-00008,ABEASIS (Moïse),L1912-00008,1,1,2,0,0,1,,,,,,
L1912-00010,ABITA (Joseph),L1912-00010,1,4,1215,1,0.02526421421,0.1323593546,12,747,1,0.02167053217,0.2431551499,0.4545454545
L1912-00011,ABRIBAT (Jules-Bernard),L1912-00011,1,2,3,0,1,1,,,,,,
L1912-00031,AHMED BEN OTHMAN (SI),L1912-00031,1,2,1215,1,0.04638203635,0.1106049563,20,747,1,0.1413282473,0.2190895742,0.4947368421
L1912-00034,AIACHI (),L1912-00034,1,1,2,0,0,1,,,,,,
L1912-00035,AIGROT (Charles),L1912-00035,1,4,6,0,0.9,0.8333333333,1,2,0,0,1,0
L1912-00066,ALAPETITE (Gabriel),L1912-00066,1,1,1215,1,0,0.1355515855,13,747,1,0,0.2061342912,1
L1912-00067,ALBERT (Léon-Auguste),L1912-00067,1,4,1215,1,0.01876965859,0.1401523897,19,747,1,0.013884268,0.2292562999,0.3040935673
L1912-00071,ALESSANDRI (Pierre),L1912-00071,1,2,1215,1,0.001647446458,0.1073386384,6,747,1,0,0.09793882106,1
L1912-00074,Algérienne (L'),L1912-00074,1,1,3,0,0,0.6666666667,1,2,0,0,1,0
L1912-00081,ALIX (Ernest-Adolphe),L1912-00081,1,2,3,0,1,1,,,,,,
L1912-00083,ALLEMAND (Antoine),L1912-00083,1,7,1215,1,0.08495149778,0.1821728691,47,747,1,0.0733269076,0.3322939866,0.506012951
L1912-00089,AMAT J.-C.) 1856 (),L1912-00089,1,2,1215,1,0.0008284214007,0.1554019457,21,747,1,0.0003637158384,0.277839851,0.9095238095
L1912-00094,ANCONA (Ginseppe D'),L1912-00094,1,2,1215,1,0.001647446458,0.1143987938,7,747,1,0,0.197458973,1
L1912-00096,ANDRÉ (Louis),L1912-00096,1,1,1215,1,0,0.1466892218,10,747,1,0,0.2775297619,1
L1912-00098,ANGELOTTI (Albert),L1912-00098,1,1,7,0,0,0.5454545455,5,6,0,0,1,1
L1912-00099,ANGLADE (Louis-Guillaume),L1912-00099,1,1,6,0,0,0.4545454545,2,3,0,0,1,1
L1912-00104,ANSELME (Philippe D'),L1912-00104,1,2,1215,1,0.001647446458,0.1806547619,,,,,,
L1912-00105,ANTERRIEU (Auguste),L1912-00105,1,1,1215,1,0,0.1068097836,2,747,1,0,0.1710616831,1
L1912-00106,ANTOINE (),L1912-00106,1,2,1215,1,0.002348365621,0.1373303167,13,747,1,0.005222622654,0.2583102493,0.4871794872
L1912-00120,ARÈNE (Félicien-César-Calixte),L1912-00120,1,1,1215,1,0,0.1073196605,6,747,1,0,0.09793882106,1
L1912-00129,ARNOUX (Jules),L1912-00129,1,1,3,0,0,0.6666666667,1,2,0,0,1,0
L1912-00130,ARRAGON (Henri),L1912-00130,1,2,1215,1,0.001647446458,0.1773816482,32,747,1,0,0.324912892,1
L1912-00134,ASPERGÉS (Pierre),L1912-00134,1,2,1215,1,0.001647446458,0.1484470531,10,747,1,0,0.256621947,1
L1912-00171,ATHENOSY (Lucien-Henri),L1912-00171,1,1,1215,1,0,0.1773298276,32,747,1,0,0.324912892,1
L1912-00172,ATTIA (G.),L1912-00172,1,6,1215,1,0.05350085947,0.1702187325,35,747,1,0.06888412992,0.3107038734,0.3579831933
L1912-00173,AUBERT (Godefroy),L1912-00173,1,1,1215,1,0,0.1380172806,1,747,1,0,0.2185120094,0
L1912-00174,AUBRY (Paul-Alexandre),L1912-00174,1,2,1215,1,0.004934190422,0.1208200637,7,747,1,0.005354733073,0.2225536993,0.5238095238
L1912-00176,AUDEMARD (Barthélémy-Julien),L1912-00176,1,1,1215,1,0,0.1355515855,13,747,1,0,0.2061342912,1
L1912-00178,AUGIAS (Lôon-Tliéoplijile-AQexandre),L1912-00178,1,2,1215,1,0.02806090356,0.1376417234,14,747,1,0.04970761286,0.1211825861,0.8571428571
L1912-00181,AURANGE (),L1912-00181,1,1,1215,1,0,0.120747961,5,747,1,0,0.2224209899,1
L1912-00186,AUVIN (Pierre),L1912-00186,1,1,2,0,0,1,,,,,,
L1912-00191,Avenir du Prolétariat (L'),L1912-00191,1,3,1215,1,0.003293534757,0.134173298,6,747,1,0,0.2501676727,1
L1912-00193,AVIGDOR (Samuel),L1912-00193,1,1,2,0,0,1,,,,,,
L1912-00200,AZERM (Alarc-Antoine-Joseph-Victor),L1912-00200,1,1,1215,1,0,0.1554019457,26,747,1,0,0.2698986975,1
L1912-00201,AZOUZ BEN HAMDA BEN AISSA (Mohamed),L1912-00201,1,1,1215,1,0,0.1096459538,8,747,1,0,0.2154823801,1
L1912-00203b,BACGOUGHE (Chadly),L1912-00203b,1,1,1215,1,0,0.08198271205,14,747,1,0,0.1565253882,1
L1912-00207,BACH-HAMBA (Ali),L1912-00207,1,3,1215,1,0.0250661788,0.110103392,3,747,1,0.05225183079,0.1369058543,0.3333333333
L1912-00217,BAILLE (Marie-Alexandre-Désiré),L1912-00217,1,3,1215,1,0.003782887454,0.1394120349,15,747,1,0.006006806311,0.2677674085,0.5904761905
L1912-00228,BARBAIS (Georges-Ferdinand),L1912-00228,1,2,1215,1,0.01137618812,0.143498818,13,747,1,0.01149396502,0.2662384011,0.5641025641
L1912-00229,BARBARAT (Aimé-Eugène),L1912-00229,1,1,2,0,0,1,,,,,,
L1912-00231,BARBOT (Hippolyle-Pierre),L1912-00231,1,2,1215,1,0.001488073661,0.1784244562,33,747,1,0.01555696765,0.3270495397,0.9393939394
L1912-00235,BARET (Emmanuel),L1912-00235,1,1,2,0,0,1,,,,,,
L1912-00238,BARNAY (Henri),L1912-00238,1,2,3,0,1,1,,,,,,
L1912-00239,BAROGHE (Jean-Jules-Léon),L1912-00239,1,1,2,0,0,1,,,,,,
L1912-00240,BARON (Paul-Auguste-Jean),L1912-00240,1,2,1215,1,0.0174455387,0.1902225008,16,747,1,0,0.29474516,1
L1912-00244,BARSOTTI (Benoît),L1912-00244,1,1,1215,1,0,0.1203171457,2,747,1,0,0.2176831048,1
L1912-00247,BASTIDE (),L1912-00247,1,2,1215,1,0.001647446458,0.1295624333,11,747,1,0,0.2422077922,1
L1912-00248,BASTIEN (Emilien),L1912-00248,1,1,1215,1,0,0.06183151676,1,747,1,0,0.119321817,0
L1912-00259,BEC (Henri-Auguste),L1912-00259,1,2,1215,1,0.0005288114761,0.152016028,6,747,1,0.005354733073,0.2646328485,0.4666666667
L1912-00262,BECHIR-BEY (Prince),L1912-00262,1,1,1215,1,0,0.1445238095,10,747,1,0,0.2755818249,1
L1912-00267,BELAISCH (Samuel),L1912-00267,1,1,3,0,0,0.6666666667,1,2,0,0,1,0
L1912-00271,BELLAICH (Adolphe),L1912-00271,1,3,1215,1,0.003220541111,0.1228993723,15,747,1,0.00505778535,0.2268856448,0.5428571429
L1912-00273,BELLÏSSEN (Joseph),L1912-00273,1,1,1215,1,0,0.1425886775,9,747,1,0,0.2645390071,1
L1912-00274,BELLOT (Jean-Ernest),L1912-00274,1,3,1215,1,0.003293534757,0.1426556992,9,747,1,0,0.2645390071,1
L1912-00281,BENAZET (Aristide),L1912-00281,1,3,1215,1,0.004618494176,0.1514849014,19,747,1,0.01224307935,0.2541737649,0.485380117
L1912-00306,BENSASSON (Raphaël),L1912-00306,1,1,1215,1,0,0.1098841419,5,747,1,0,0.2103778906,1
L1912-00307,BENSASSON (Umberto),L1912-00307,1,2,1215,1,0.005541132222,0.1141406544,5,747,1,0.005807983232,0.2151095732,0.6
L1912-00308,BÉRARD (Antonïn),L1912-00308,1,2,1215,1,0.008105737559,0.1371751412,7,747,1,0.009341395278,0.2625835973,0.4285714286
L1912-00309,BERGE (Stéphane),L1912-00309,1,5,1215,1,0.009860231892,0.1357334526,15,747,1,0.005354733073,0.206248272,0.7523809524
L1912-00311,BERHAULT (Jean),L1912-00311,1,4,1215,1,0.01312117084,0.1381743683,23,747,1,0.008021303777,0.2594782609,0.7628458498
L1912-00314,BERKELEY (Ernest- James - Lennox),L1912-00314,1,1,1215,1,0,0.1249485385,7,747,1,0,0.2321817616,1
L1912-00318,BERRA (J),L1912-00318,1,1,7,0,0,0.5454545455,5,6,0,0,1,1
L1912-00319,BERTAINCHAND (Ernest),L1912-00319,1,2,1215,1,0.001647446458,0.1329682366,6,747,1,0,0.2501676727,1
L1912-00319b,BERTHOLON (Lucien),L1912-00319b,1,5,1215,1,0.00658163688,0.1193003145,16,747,1,0,0.2101408451,1
L1912-00320,BERTIN (Célestin),L1912-00320,1,2,3,0,1,1,,,,,,
L1912-00323,BERTRAND (Joseph),L1912-00323,1,4,1215,1,0.004938264898,0.1368967073,1,747,1,0,0.1948798328,0
L1912-00342,BIGNENS (Lucien-Jules),L1912-00342,1,6,1215,1,0.01845545082,0.1857405141,24,747,1,0.04217212156,0.2788785047,0.6992753623
L1912-00343,BIGORRE (Louis),L1912-00343,1,2,1215,1,0.003111707633,0.1807623585,2,747,1,0,0.2093741229,1
L1912-00344,BIGOT (Henri),L1912-00344,1,1,1215,1,0,0.1445238095,10,747,1,0,0.2755818249,1
L1912-00346,BILLON (François-Joseph),L1912-00346,1,1,1215,1,0,0.1806010116,,,,,,
L1912-00347,BILLY (Drausin),L1912-00347,1,9,1215,1,0.02475850065,0.1841626214,53,747,1,0.0363389718,0.3409506399,0.4615384615
L1912-00361,BISMUTH (Joseph),L1912-00361,1,1,1215,1,0,0.1219365207,7,747,1,0,0.2240913187,1
L1912-00366,BLANC (Urbain),L1912-00366,1,2,23,0,0.3116883117,0.2391304348,2,11,0,0.2,0.4347826087,0
L1912-00367,BLANCHÈRÈ (R. DU COUDRAY DE LA),L1912-00367,1,1,5,0,0,0.5,2,3,0,0,1,1
L1912-00372b,BOGCARA (Edmond-Gabriel),L1912-00372b,1,3,1215,1,0.02349097811,0.1608373079,39,747,1,0.03192105898,0.2879197221,0.4871794872
L1912-00380,BONAN (Abraham),L1912-00380,1,1,2,0,0,1,,,,,,
L1912-00381,BONAN (Jules),L1912-00381,1,4,5,0,1,1,,,,,,
L1912-00385,BONNEFOND (Louis - Alariei- HenriEdouard),L1912-00385,1,1,2,0,0,1,,,,,,
L1912-00389,BORDES (Jean),L1912-00389,1,2,1215,1,0.001647446458,0.1249742639,7,747,1,0,0.2321817616,1
L1912-00402b,SORTES (Eniile-Eùgène-Henri),L1912-00402b,1,1,2,0,0,1,,,,,,
L1912-00404,BORTINO (Jean-Baptiste),L1912-00404,1,2,1215,1,0.001647446458,0.1509950249,16,747,1,0,0.2717668488,1
L1912-00405,BOST (Etienne-Augustin),L1912-00405,1,3,13,0,0.4393939394,0.5714285714,9,10,0,0.2222222222,1,0.7777777778
L1912-00406,BOTTESINI (Archimôde),L1912-00406,1,2,1215,1,0.01425009034,0.14275635,14,747,1,0.008407696501,0.2251735587,0.5054945055
L1912-00415,BOUCHET (Léopold-Marius),L1912-00415,1,1,1215,1,0,0.1493969973,11,747,1,0,0.2489986649,1
L1912-00415b,BOUGHOUCHA (Ali),L1912-00415b,1,1,2,0,0,1,,,,,,
L1912-00416,BOUDET (Raymond - Bernard - PierreLouis),L1912-00416,1,2,7,0,0.3333333333,0.6,4,5,0,0,1,1
L1912-00424,BOUHAGEB (Housseïn),L1912-00424,1,1,1215,1,0,0.08198271205,14,747,1,0,0.1565253882,1
L1912-00428,BOULAKIA (Joseph),L1912-00428,1,1,11,0,0,0.5263157895,9,10,0,0,1,1
L1912-00430,BOULLIER (Jules-Emile),L1912-00430,1,1,2,0,0,1,,,,,,
L1912-00432,BOUNIN (Edoiiard-Emile-Ph'ilibert),L1912-00432,1,2,1215,1,0.001647446458,0.1773816482,32,747,1,0,0.324912892,1
L1912-00442,BOURGEOIS (Alphonse),L1912-00442,1,1,2,0,0,1,,,,,,
L1912-00444,BOURGET (Eloi),L1912-00444,1,2,4,0,0.6666666667,0.75,1,2,0,0,1,0
L1912-00449,BOUYAG (René),L1912-00449,1,1,1215,1,0,0.1466892218,10,747,1,0,0.2775297619,1
L1912-00453,BRAQUEYAHE (Jules-Pie-Louis),L1912-00453,1,7,1215,1,0.01383439282,0.1285472258,6,747,1,0.008191023329,0.2397942784,0.2666666667
L1912-00457,BRESSON (Henri),L1912-00457,1,3,1215,1,0.004936906739,0.1092512599,5,747,1,0.002680965147,0.2066481994,0.6
L1912-00458,BRIERE (Emile),L1912-00458,1,1,2,0,0,1,,,,,,
L1912-00460,BRIGNONE (Pierre),L1912-00460,1,6,1215,1,0.01464680945,0.1278702338,12,747,1,0.01550917232,0.2314613714,0.3787878788
L1912-00462,BROC (),L1912-00462,1,1,2,0,0,1,,,,,,
L1912-00470,BRUSSIAU (Albert),L1912-00470,1,2,23,0,0.09090909091,0.2558139535,2,11,0,0,0.5263157895,1
L1912-00472,BUISSON (Benjamin-Paul),L1912-00472,1,2,1215,1,0.004986911951,0.1392840753,10,747,1,0.003973465186,0.2599303136,0.8
L1912-00473,BULLA-RËGIA (),L1912-00473,1,5,1215,1,0.00658163688,0.1193003145,16,747,1,0,0.2101408451,1
L1912-00475,BURSAUX (),L1912-00475,1,2,1215,1,0.001647446458,0.1773816482,32,747,1,0,0.324912892,1
L1912-00476,BURY Charles-Frédéric) (),L1912-00476,1,1,2,0,0,1,,,,,,
L1912-00477,BUSACCA Eugène (),L1912-00477,1,5,1215,1,0.007443900397,0.1183235867,10,747,1,0.006260021016,0.2109728507,0.3111111111
L1912-00478,BUSUTTIL (Alphonse),L1912-00478,1,2,1215,1,0.001647446458,0.1192768717,9,747,1,0,0.2136311569,1
L1912-00479b,GAGHELOU (Charles - Henri),L1912-00479b,1,1,1215,1,0,0.1338478501,2,747,1,0,0.2093741229,1
L1912-00489,CAILLOUX (Maurice - Marie - Bernard),L1912-00489,1,1,2,0,0,1,,,,,,
L1912-00493,CALECA (N.),L1912-00493,1,1,8,0,0,0.5384615385,6,7,0,0,1,1
L1912-00494,CALO (Enrico),L1912-00494,1,3,1215,1,0.02846214745,0.1599051633,36,747,1,0.03086005392,0.2774265526,0.5746031746
L1912-00504,CANAL (Joseph-Afarie-Ange),L1912-00504,1,3,1215,1,0.04779928221,0.1515984016,27,747,1,0.02862928668,0.252368065,0.4985754986
L1912-00507,CANTON (Albert),L1912-00507,1,3,1215,1,0.00559754773,0.1566047472,21,747,1,0.01256808351,0.2852772467,0.6238095238
L1912-00516,CARCASONNE (Alphonse-Sylvain),L1912-00516,1,1,2,0,0,1,,,,,,
L1912-00518,CARDOSO (David),L1912-00518,1,3,1215,1,0.002321418446,0.0973380372,2,747,1,0.0001231768816,0.1805421104,0
L1912-00519,CARDOSO (Alaurizio),L1912-00519,1,4,1215,1,0.01310676875,0.1281942978,9,747,1,0.01500096591,0.2377310389,0.3333333333
L1912-00521,CARNIÈRES (Victor DE),L1912-00521,1,1,1215,1,0,0.1330556773,8,747,1,0,0.2494983278,1
L1912-00524,CARRIER (Charles),L1912-00524,1,7,1215,1,0.0476080411,0.1893915757,37,747,1,0.04787340088,0.3014141414,0.3288288288
L1912-00529,CARTON (Louis),L1912-00529,1,4,1215,1,0.03023377693,0.1432279377,23,747,1,0.03387416104,0.2676713312,0.2766798419
L1912-00534,CASSUTO (Emile),L1912-00534,1,1,1215,1,0,0.1295347845,11,747,1,0,0.2422077922,1
L1912-00534b,GASTELFRANCO (Tito),L1912-00534b,1,1,2,0,0,1,,,,,,
L1912-00536,CATTAN (Albert-Daniel),L1912-00536,1,2,1215,1,0.001647446458,0.1172267285,5,747,1,0,0.2100816671,1
L1912-00538,CATTAN (Isaac),L1912-00538,1,3,1215,1,0.007730828062,0.1521303258,12,747,1,0.005215992161,0.2533106961,0.8333333333
L1912-00540,CAVALIN (Ernest-Jean-Marie),L1912-00540,1,1,2,0,0,1,,,,,,
L1912-00542,CAZÈS (David-Albert-Louis),L1912-00542,1,1,2,0,0,1,,,,,,
L1912-00565,CHABERT (Pierre),L1912-00565,1,3,1215,1,0.004482950911,0.1374547101,3,747,1,0.001079939655,0.2574189096,0.3333333333
L1912-00570,CHAFFANJON (Philibert),L1912-00570,1,2,1215,1,0.009843933988,0.1429580782,7,747,1,0.008021303777,0.2364500792,0.5238095238
L1912-00576,CHAMBONCEL (Edmond-Bruno),L1912-00576,1,2,1215,1,0.001924084225,0.1092315998,5,747,1,0.001815689761,0.2109728507,0.4
L1912-00586,CHAMPAVER (François-Marie-Gustave),L1912-00586,1,1,1215,1,0,0.09234748212,2,747,1,0,0.1793269231,1
L1912-00592,CHAPELIÉ (Alfred),L1912-00592,1,2,3,0,1,1,,,,,,
L1912-00596,CHARLËTY (Sébastien),L1912-00596,1,2,3,0,1,1,,,,,,
L1912-00600,CHASSAGNY • (Antoine - Amédée - Bernard),L1912-00600,1,1,1215,1,0,0.1445238095,10,747,1,0,0.2755818249,1
L1912-00623,CHENAY (Louis),L1912-00623,1,2,3,0,1,1,,,,,,
L1912-00633,CHERVIN (Pierre),L1912-00633,1,1,2,0,0,1,,,,,,
L1912-00636,CHEVALIER (Jacques-Cyrille),L1912-00636,1,1,2,0,0,1,,,,,,
L1912-00637,CHEVALIER (Joseph),L1912-00637,1,2,5,0,0.6666666667,0.6666666667,2,3,0,1,1,0
L1912-00638,CHEYLUS (Victor-Marie),L1912-00638,1,1,1215,1,0,0.08991260554,2,747,1,0,0.1736903376,1
L1912-00644,CHOTARD (Georges-Henri),L1912-00644,1,1,1215,1,0,0.1806010116,,,,,,
L1912-00652,CIRIER (Fabien),L1912-00652,1,2,1215,1,0.009272998749,0.1777973052,34,747,1,0.006173512509,0.3253379852,0.8859180036
L1912-00653,CITTANOVA (Jacques),L1912-00653,1,2,6,0,0.4,0.5555555556,2,3,0,0,1,1
L1912-00654,CITTANOVA (Ugo),L1912-00654,1,1,2,0,0,1,,,,,,
L1912-00656,CLÉMENT (Paul-Gustave),L1912-00656,1,3,1215,1,0.003293534757,0.1481933594,1,747,1,0,0.255829904,0
L1912-00661,CLIDAT (Martial),L1912-00661,1,1,3,0,0,0.6666666667,1,2,0,0,1,0
L1912-00665,COANET (Armand-Edmond),L1912-00665,1,5,1215,1,0.005204714047,0.1587758305,19,747,1,0.000817777325,0.2885880077,0.7368421053
L1912-00666,COEROLI (André),L1912-00666,1,2,1215,1,0.002961843534,0.1505456349,13,747,1,0.007337958212,0.2511784512,0.7179487179
L1912-00667,COEYTAUX (Alfred-Henri),L1912-00667,1,1,2,0,0,1,,,,,,
L1912-00672,COHEN (Joseph),L1912-00672,1,1,2,0,0,1,,,,,,
L1912-00676,COLLET (Emmanuel),L1912-00676,1,1,2,0,0,1,,,,,,
L1912-00681,COLRAT (Jean-Marcel-Raymond),L1912-00681,1,4,1215,1,0.006580278721,0.1355213217,2,747,1,0.002680965147,0.2527956625,0
L1912-00682,COMBAZ (Alexandre-François),L1912-00682,1,1,1215,1,0,0.1512961117,5,747,1,0,0.2651030561,1
L1912-00685,COMBET (Candide-Aimé),L1912-00685,1,1,1215,1,0,0.1192065986,16,747,1,0,0.2101408451,1
L1912-00694,COMITI (Paul),L1912-00694,1,3,1215,1,0.05024759112,0.1874613959,11,747,1,0,0.2489986649,1
L1912-00699,COMMUNAUX (Etienne-Victor),L1912-00699,1,9,1215,1,0.03927086616,0.1852303937,64,747,1,0.07088450537,0.3414187643,0.3665674603
L1912-00718,COMTE (Louis-IIippolyte),L1912-00718,1,2,1215,1,0.001647446458,0.1379545455,20,747,1,0,0.2592077832,1
L1912-00721b,CONSEIL (Ernest),L1912-00721b,1,2,1215,1,0.001647446458,0.1341436464,6,747,1,0,0.2501676727,1
L1912-00731,CONVERTI (Nicolas),L1912-00731,1,2,1215,1,0.001647446458,0.09003263127,5,747,1,0,0.1739333178,1
L1912-00736,CORBES (),L1912-00736,1,4,1215,1,0.008219576227,0.1165738429,3,747,1,0.002680965147,0.2143062338,0.3333333333
L1912-00737b,GORDIER (Marcel),L1912-00737b,1,3,1215,1,0.01634504128,0.1524742527,10,747,1,0.01535112354,0.2651972983,0.3777777778
L1912-00739,CORRAS (Etienne),L1912-00739,1,2,1215,1,0.001251750054,0.1218630797,5,747,1,0.001210573346,0.2203189604,0.7
L1912-00740,COSSANGE (),L1912-00740,1,1,2,0,0,1,,,,,,
L1912-00741,COSSON (Ernest),L1912-00741,1,1,1215,1,0,0.08968676123,1,747,1,0,0.1712973594,0
L1912-00741c,GOSTE (Jean-Eugône-Evariste),L1912-00741c,1,7,1215,1,0.06428916317,0.1853435115,44,747,1,0.05947398046,0.3378623188,0.5623678647
L1912-00744,COUDERC (Pierre),L1912-00744,1,1,1215,1,0,0.1554019457,26,747,1,0,0.2698986975,1
L1912-00745,COULON (Louis),L1912-00745,1,1,1215,1,0,0.1806010116,,,,,,
L1912-00748,COURT (Gustave),L1912-00748,1,2,3,0,1,1,,,,,,
L1912-00748b,GOUITEAS (Basilio),L1912-00748b,1,1,1215,1,0,0.1493969973,11,747,1,0,0.2489986649,1
L1912-00752,CRETE (Maurice),L1912-00752,1,2,1215,1,0.001647446458,0.1773816482,32,747,1,0,0.324912892,1
L1912-00762,CUÉNOD (Auguste),L1912-00762,1,2,1215,1,0.001647446458,0.1417561887,7,747,1,0,0.2327613105,1
L1912-00765,CURTELIN (Jean-Baptiste),L1912-00765,1,6,1215,1,0.01997656665,0.1583202921,19,747,1,0.01736354451,0.2780469624,0.298245614
L1912-00767,DABRIGEON (Louis-Guslave-Léon-Casimir),L1912-00767,1,3,1215,1,0.01533991587,0.1824466486,8,747,1,0.01330511297,0.2556545579,0.75
L1912-00768,DALIOT (Léonce-Albert),L1912-00768,1,2,1215,1,0.003292176599,0.1219855305,8,747,1,0.002680965147,0.2241586538,0.75
L1912-00770,DALLARD (Louis-Paul),L1912-00770,1,1,2,0,0,1,,,,,,
L1912-00773,DANDINE (Pierre-Paul-Gaston),L1912-00773,1,3,23,0,0.1774891775,0.22,1,11,0,0,0.4,0
L1912-00774,DANGELZER (Charles),L1912-00774,1,1,2,0,0,1,,,,,,
L1912-00776,DANINOS (Léon),L1912-00776,1,1,2,0,0,1,,,,,,
L1912-00777,DANOS (Joseph),L1912-00777,1,1,12,0,0,0.2340425532,1,9,0,0,0.4210526316,0
L1912-00791,DAVID (Paul),L1912-00791,1,1,1215,1,0,0.1361597129,13,747,1,0,0.1083829725,1
L1912-00791b,DAUL (Raoul),L1912-00791b,1,3,1215,1,0.003746893233,0.1399262333,9,747,1,0.004399178734,0.2256503327,0.6111111111
L1912-00792,DAVOUX (Augusle-Honoré),L1912-00792,1,1,3,0,0,0.6666666667,1,2,0,0,1,0
L1912-00801,DECKER-DAVID (Paul-Henry),L1912-00801,1,1,2,0,0,1,,,,,,
L1912-00803,DEFRANGE ' [Jean-Jacoues-Euaèneb 11 juin 18 5 3 (),L1912-00803,1,1,1215,1,0,0.134649512,6,747,1,0,0.2007534984,1
L1912-00810,DEHENNAULT (René),L1912-00810,1,1,2,0,0,1,,,,,,
L1912-00812,DEJEANNE (Guillaume-Cyprioil),L1912-00812,1,1,2,0,0,1,,,,,,
L1912-00813,DELAPONT (Albert),L1912-00813,1,1,1215,1,0,0.09434255518,2,747,1,0,0.1687782805,1
L1912-00819,DELMAS (Joseph-Frédéric),L1912-00819,1,3,1215,1,0.003293534757,0.177433499,32,747,1,0,0.324912892,1
L1912-00821,DELMOLINO (Alfred),L1912-00821,1,1,1215,1,0,0.08991260554,2,747,1,0,0.1736903376,1
L1912-00823,DELORD (Jean-Camille),L1912-00823,1,1,1215,1,0,0.1219365207,7,747,1,0,0.2240913187,1
L1912-00824,DEMARCQ (Henri-Clément),L1912-00824,1,2,1215,1,0.01281814164,0.1604546656,20,747,1,0.01365425217,0.2818284851,0.4789473684
L1912-00826,DEMELLE (André),L1912-00826,1,1,2,0,0,1,,,,,,
L1912-00827,DEMOULIN (René-Lucien),L1912-00827,1,1,2,0,0,1,,,,,,
L1912-00828,DENCAUSE (Jean),L1912-00828,1,1,2,0,0,1,,,,,,
L1912-00830,DEPIENNE (Pierre-Marie),L1912-00830,1,1,2,0,0,1,,,,,,
L1912-00832,DEPLANCHE (Pierre),L1912-00832,1,3,1215,1,0.003293534757,0.1379859059,20,747,1,0,0.2592077832,1
L1912-00837b,DESPORTES (Antoine),L1912-00837b,1,2,3,0,1,1,,,,,,
L1912-00838,DESTREES (Auguste - Albert - Emile),L1912-00838,1,3,1215,1,0.004936906739,0.1113557145,3,747,1,0.002680965147,0.1914293046,0.3333333333
L1912-00841,DHAINE (Henri-Désire-Michel),L1912-00841,1,4,1215,1,0.00337630321,0.1124490552,5,747,1,2.998842447e-05,0.2118114708,0.7
L1912-00842,DIACONO (Albin - Herménégilde),L1912-00842,1,1,1215,1,0,0.1186473808,1,747,1,0,0.2126567845,0
L1912-00847,DINGUIZLI (Moustapha),L1912-00847,1,4,1215,1,0.006801565931,0.1464414958,12,747,1,0.004468046193,0.279087168,0.7121212121
L1912-00856,DIRSSINE (),L1912-00856,1,1,3,0,0,0.6666666667,1,2,0,0,1,0
L1912-00857,DISEGNI (A.),L1912-00857,1,4,1215,1,0.02368111075,0.1362208259,19,747,1,0.02999652371,0.2567102546,0.5204678363
L1912-00862,DJAIBI (Mohamed),L1912-00862,1,1,1215,1,0,0.1123242043,4,747,1,0,0.2117513483,1
L1912-00902,DJEHANE (),L1912-00902,1,2,1215,1,0.05994506148,0.1386477844,12,747,1,0.1592925131,0.2682488314,0.5151515152
L1912-00929,DOLLIN DU FRESNEL (Frôdéric-Jules-Ernest),L1912-00929,1,4,1215,1,0.007140027575,0.1427899318,10,747,1,0.001228453876,0.2646328485,0.8222222222
L1912-00931,DOMELA (Théodore),L1912-00931,1,1,2,0,0,1,,,,,,
L1912-00943b,""" DOUTÉ (Albert-Emile)",L1912-00943b,1,5,1215,1,0.02182072796,0.1638768898,24,747,1,0.01733121151,0.2991178829,0.4094202899
L1912-00947,DRAMARD (Pierre-Marie),L1912-00947,1,1,2,0,0,1,,,,,,
L1912-00951,DRIB (Salah),L1912-00951,1,1,6,0,0,0.4545454545,2,3,0,0,1,1
L1912-00957,DUBOS (Henri),L1912-00957,1,2,1215,1,0.00398309629,0.1557208825,22,747,1,0.001579217515,0.2782543827,0.8268398268
L1912-00959,DUBOURDIEU (Gaslon-Louis-CharlesClément),L1912-00959,1,1,4,0,0,0.5,1,2,0,0,1,0
L1912-00961,DUCLOS (Bibiano),L1912-00961,1,7,1215,1,0.1293737872,0.2101800554,73,747,1,0.1469753726,0.3436204514,0.3325722983
L1912-00964,DUFFAU (Augustin),L1912-00964,1,2,1215,1,0.003416695797,0.1559208836,12,747,1,0.01409823283,0.2741639103,0.4696969697
L1912-00965,DUFFO (Louis),L1912-00965,1,4,1215,1,0.02891743929,0.1803863299,40,747,1,0.03043728749,0.3305272486,0.658974359
L1912-00969,DUMAS (Paul-Antoine-Marcel),L1912-00969,1,3,1215,1,0.01028198459,0.18130227,13,747,1,0.02648577649,0.2195409064,0.6153846154
L1912-00970,DUMERGUE (),L1912-00970,1,4,1215,1,0.05058964908,0.1880421314,19,747,1,0.00531879832,0.2419721051,0.5263157895
L1912-00971,DUMONT (Ernest),L1912-00971,1,2,1215,1,0.001926376271,0.1775892335,35,747,1,0.001826415725,0.3253379852,0.8504201681
L1912-00972,DUMONT (Pierre-Henri),L1912-00972,1,1,2,0,0,1,,,,,,
L1912-00974,DUPLAV (Jacques-Louis),L1912-00974,1,1,2,0,0,1,,,,,,
L1912-00976,DUPOUX (),L1912-00976,1,2,1215,1,0.004934190422,0.1510701842,17,747,1,0.002680965147,0.2718658892,0.8823529412
L1912-00977,DUPRÊ (Emile),L1912-00977,1,2,1215,1,0.009406206611,0.1558808423,34,747,1,0.008617404754,0.2708787219,0.6292335116
L1912-00987,DUSSOUILLEZ (Ferdinand-VictorLouis),L1912-00987,1,1,1215,1,0,0.12593361,7,747,1,0,0.2344437461,1
L1912-00989,DUVAU (Albert),L1912-00989,1,6,1215,1,0.04403232269,0.1378605496,13,747,1,0.043499968,0.2609303952,0.6025641026
L1912-01001,EIGENSCHENCK (Charlotte),L1912-01001,1,1,2,0,0,1,,,,,,
L1912-01012,EL ANNABI (Béchir),L1912-01012,1,1,1215,1,0,0.09151213629,12,747,1,0,0.1822178798,1
L1912-01031,EL FOURATI (Mohammed),L1912-01031,1,1,3,0,0,0.6666666667,1,2,0,0,1,0
L1912-01036,EL HADI BEN TAHAR (),L1912-01036,1,3,1215,1,0.01062759084,0.09267175573,15,747,1,0.02735664034,0.1572181243,0.8761904762
L1912-01052,EL LEZZAM (Abderrahmane),L1912-01052,1,1,2,0,0,1,,,,,,
L1912-01054,EL MABROUK (Mohammed ben Mohammed),L1912-01054,1,1,3,0,0,0.6666666667,1,2,0,0,1,0
L1912-01066,EMONTS (Charles),L1912-01066,1,2,5,0,0.5,0.6666666667,2,3,0,0,1,1
L1912-01072,ENDIGNOUX (Auguste-Philippe-Adolphe-Marie),L1912-01072,1,1,2,0,0,1,,,,,,
L1912-01082,ENRIQUEZ (Guillaume),L1912-01082,1,1,2,0,0,1,,,,,,
L1912-01093,EPINAT (Alexandre),L1912-01093,1,2,1215,1,0.001647446458,0.1161055853,1,747,1,0,0.2138148467,0
L1912-01094,EPINAT (Charles),L1912-01094,1,1,3,0,0,0.6666666667,1,2,0,0,1,0
L1912-01098,ERRERA (Giuseppe),L1912-01098,1,1,1215,1,0,0.131044905,13,747,1,0,0.2449917898,1
L1912-01099,ESCANO (Ernest),L1912-01099,1,3,1215,1,0.006621423299,0.1162167337,9,747,1,0.007017139887,0.2029379761,0.3333333333
L1912-01102,ESPITALIER (Jules),L1912-01102,1,1,4,0,0,0.5,1,2,0,0,1,0
L1912-01105,Essor (L'),L1912-01105,1,1,1215,1,0,0.1773298276,32,747,1,0,0.324912892,1
L1912-01106,ESTIBAL (Jean-Romain.-Camille),L1912-01106,1,2,4,0,0.6666666667,0.75,1,2,0,0,1,0
L1912-01111,EYMON (Louis),L1912-01111,1,1,2,0,0,1,,,,,,
L1912-01111b,FABBRI (César),L1912-01111b,1,1,1215,1,0,0.1626473741,16,747,1,0,0.29474516,1
L1912-01112,FABRY (Paul-Auguste),L1912-01112,1,1,3,0,0,0.6666666667,1,2,0,0,1,0
L1912-01116,FARGEON (Jacques-Raoul),L1912-01116,1,1,2,0,0,1,,,,,,
L1912-01119,FATH (Charles),L1912-01119,1,2,3,0,1,1,,,,,,
L1912-01121,FATTACIOLI (Jean-Martin),L1912-01121,1,1,1215,1,0,0.1546890928,20,747,1,0,0.2772203642,1
L1912-01124,FAURE-DÈRE (François),L1912-01124,1,6,1215,1,0.03231775446,0.1815191388,50,747,1,0.04490072587,0.3336314848,0.4653061224
L1912-01144,FERRY (Jules-François-Camille),L1912-01144,1,3,23,0,0.1774891775,0.1774193548,1,11,0,0,0.3125,0
L1912-01147,"FESLER (Antoine-Louis, dit Anlony)",L1912-01147,1,3,1215,1,0.01088362935,0.1619098426,21,747,1,0.02081445619,0.2863723608,0.480952381
L1912-01153b,FIGHET (Alexandre-Lucien),L1912-01153b,1,2,3,0,1,1,,,,,,
L1912-01157,FILIPFI (Antoine),L1912-01157,1,4,1215,1,0.008219576227,0.109566787,12,747,1,0.005354733073,0.2100816671,0.696969697
L1912-01161,FINOCCHI (Louis),L1912-01161,1,1,1215,1,0,0.1167083253,2,747,1,0,0.2030484486,1
L1912-01165,FITOUSSI (Elle),L1912-01165,1,7,1215,1,0.05001841785,0.1932505571,61,747,1,0.08721947697,0.3588263588,0.3704918033
L1912-01166,FLACK (Félix),L1912-01166,1,1,6,0,0,0.4545454545,2,3,0,0,1,1
L1912-01169,"FLAMANT (Marie- Augustine, née Fauché)",L1912-01169,1,2,1215,1,0.001923118894,0.1104439592,3,747,1,0.00163966785,0.2109728507,0.3333333333
L1912-01171,FLEURY (),L1912-01171,1,5,1215,1,0.03781272571,0.1658923203,35,747,1,0.04498287119,0.3011707711,0.2890756303
L1912-01182,FORESTIER (Georges),L1912-01182,1,9,1215,1,0.01314154322,0.09871523825,1,747,1,0,0.1815968841,0
L1912-01189,FOULQUIER (Edisle),L1912-01189,1,1,1215,1,0,0.1333772797,10,747,1,0,0.1804547654,1
L1912-01198,FRÊMAUX (Paul),L1912-01198,1,2,3,0,1,1,,,,,,
L1912-01201,FUNARO (Guillaume),L1912-01201,1,1,2,0,0,1,,,,,,
L1912-01208,GAGEY (René),L1912-01208,1,1,2,0,0,1,,,,,,
L1912-01209,GAIJI (Mohamed),L1912-01209,1,1,2,0,0,1,,,,,,
L1912-01210,GAILLARD (Jacques),L1912-01210,1,6,1215,1,0.01983369565,0.1652150245,45,747,1,0.03924184084,0.2970927917,0.3222222222
L1912-01215,GALLICO (Raffaelo),L1912-01215,1,1,2,0,0,1,,,,,,
L1912-01216,GALLINI (Jean-François),L1912-01216,1,3,1215,1,0.006577562404,0.1775372916,34,747,1,0.005354733073,0.3251961639,0.8859180036
L1912-01217,GALLUT (Armand),L1912-01217,1,1,2,0,0,1,,,,,,
L1912-01219,GAMET (Lucien),L1912-01219,1,2,12,0,0.3272727273,0.3793103448,4,9,0,0.25,0.6666666667,0.5
L1912-01221,GANDOLFO (R.),L1912-01221,1,2,3,0,1,1,,,,,,
L1912-01223,GANDOLPHE (),L1912-01223,1,5,6,0,1,1,,,,,,
L1912-01228,GANDOLPHE (Thomas-Félix),L1912-01228,1,2,1215,1,0.001647446458,0.1773816482,32,747,1,0,0.324912892,1
L1912-01232,GAROT (René),L1912-01232,1,1,1215,1,0,0.1311015119,2,747,1,0,0.245556287,1
L1912-01234,GAU (Jules),L1912-01234,1,2,1215,1,0.001647446458,0.1341436464,6,747,1,0,0.2501676727,1
L1912-01235,GAUDENS-RAVOTTI (),L1912-01235,1,2,1215,1,0.001647446458,0.1341436464,6,747,1,0,0.2501676727,1
L1912-01236,GAUDIANI (Antoine),L1912-01236,1,1,1215,1,0,0.1773298276,32,747,1,0,0.324912892,1
L1912-01248,GENNATAS (Charles),L1912-01248,1,1,2,0,0,1,,,,,,
L1912-01251,GENTILE (Raoul-Victor DE),L1912-01251,1,1,1215,1,0,0.09110010506,1,747,1,0,0.160706592,0
L1912-01252,GEORGE (Paul-Antoine-Michel),L1912-01252,1,1,1215,1,0,0.134649512,6,747,1,0,0.2007534984,1
L1912-01256,GÉRARD (Joseph),L1912-01256,1,1,1215,1,0,0.134114008,6,747,1,0,0.2501676727,1
L1912-01257,GERINI (Dante),L1912-01257,1,6,1215,1,0.008223650703,0.1162835249,8,747,1,0,0.2208407342,1
L1912-01258,GERMONNEAU (Damase-François),L1912-01258,1,2,1215,1,0.003292176599,0.1554815574,27,747,1,0.002680965147,0.2699963807,0.9259259259
L1912-01262,GHILEB (),L1912-01262,1,3,1215,1,0.002328555883,0.1363738486,8,747,1,0.0004324004561,0.2556545579,0.5714285714
L1912-01273,GIRARD (Léon-Hippolvle-Adolphe),L1912-01273,1,1,1215,1,0,0.1183928223,4,747,1,0,0.2175561388,1
L1912-01274,GIRAUD (Charles-Hippolyte),L1912-01274,1,3,1215,1,0.01627483661,0.1622127205,21,747,1,0.01664071819,0.2935852027,0.5380952381
L1912-01276,GIROUD (Joseph),L1912-01276,1,4,1215,1,0.01552979719,0.180923994,51,747,1,0.02822246131,0.3339301701,0.537254902
L1912-01281,GLUCK (André-Robert),L1912-01281,1,3,1215,1,0.003293534757,0.1192534381,16,747,1,0,0.2101408451,1
L1912-01291,GOUNOT (André),L1912-01291,1,9,1215,1,0.1231289846,0.2126839523,83,747,1,0.1316962052,0.359344894,0.2671172495
L1912-01294,GOUTTENOIRE (Jean),L1912-01294,1,1,2,0,0,1,,,,,,
L1912-01302,GRÉBAUVAL (Lôonidas-Adolphe),L1912-01302,1,1,1215,1,0,0.1172040935,5,747,1,0,0.2100816671,1
L1912-01313,GROSRENAUD (François-Joseph),L1912-01313,1,1,7,0,0,0.5,4,5,0,0,1,1
L1912-01314,GROSS (André),L1912-01314,1,1,1215,1,0,0.1806010116,,,,,,
L1912-01315,GRUNDLER (Frédéric-Jules),L1912-01315,1,1,1215,1,0,0.1155530173,6,747,1,0,0.2004298764,1
L1912-01319,GUËGAN (Jules-Fortuné),L1912-01319,1,3,1215,1,0.003293534757,0.1092315998,4,747,1,0,0.206590972,1
L1912-01320,GUELLATY (),L1912-01320,1,1,1215,1,0,0.08198271205,14,747,1,0,0.1565253882,1
L1912-01321,GUELLATY (Omar),L1912-01321,1,2,1215,1,0.008210069117,0.08203811326,15,747,1,0.005354733073,0.1565910999,0.8666666667
L1912-01325,GUÉNIER (Henri-Eugène),L1912-01325,1,4,1215,1,0.02272147267,0.1690807799,27,747,1,0.04579437289,0.3047385621,0.5014245014
L1912-01326,GUENIN (Jean-Regis),L1912-01326,1,1,1215,1,0,0.1806010116,,,,,,
L1912-01334,GUILLEMART (Robert),L1912-01334,1,3,1215,1,0.01132269056,0.1781103286,35,747,1,0.00782393189,0.3257641921,0.8403361345
L1912-01335,GUILLOCHON (Lucien),L1912-01335,1,1,2,0,0,1,,,,,,
L1912-01337,GUILLOT (),L1912-01337,1,2,1215,1,0.008619141599,0.1851738865,5,747,1,0,0.2651030561,1
L1912-01340,GUNG'L (J.-N.),L1912-01340,1,1,2,0,0,1,,,,,,
L1912-01343,GUY (Raphaël),L1912-01343,1,2,1215,1,0.004378920369,0.1629530201,18,747,1,0.003943792591,0.2952117135,0.7908496732
L1912-01350,HADDAD (Nissim),L1912-01350,1,1,1215,1,0,0.1554019457,26,747,1,0,0.2698986975,1
L1912-01390,HARTMAYÉR (Jacob-Emile),L1912-01390,1,2,1215,1,0.001647446458,0.1343217526,3,747,1,0,0.2525389303,1
L1912-01391,HASSAN (Mehmed),L1912-01391,1,1,1215,1,0,0.08198271205,14,747,1,0,0.1565253882,1
L1912-01393,HASSID (Victor),L1912-01393,1,1,2,0,0,1,,,,,,
L1912-01394,HAUT (Paul DE),L1912-01394,1,1,2,0,0,1,,,,,,
L1912-01423,HOUDE (Gaston),L1912-01423,1,3,1215,1,0.003400401657,0.1388698238,17,747,1,0.02124619897,0.2264036419,0.4852941176
L1912-01428,HUARD (Ferdinand-Isidore),L1912-01428,1,3,1215,1,0.006109160333,0.1207960199,19,747,1,0.005650033019,0.217810219,0.4736842105
L1912-01429,HUC (Albert-Victor-Isidore),L1912-01429,1,5,1215,1,0.006947593458,0.1430928807,10,747,1,0.0008654593176,0.265008881,0.8
L1912-01443,IMBERT (Marie-Antoine-Paul),L1912-01443,1,3,1215,1,0.003748837668,0.1490301989,26,747,1,0.007813603948,0.2603839442,0.4830769231
L1912-01451,INERNY (Mac),L1912-01451,1,2,1215,1,0.001647446458,0.1192768717,9,747,1,0,0.2136311569,1
L1912-01463,INVERSIN (Louis),L1912-01463,1,2,3,0,1,1,,,,,,
L1912-01464,INVERSIN (H.),L1912-01464,1,1,2,0,0,1,,,,,,
L1912-01465,ISAAC (Maurice-Jean-Victor),L1912-01465,1,2,1215,1,0.00520038374,0.142991755,11,747,1,0.01656320677,0.2711741185,0.4545454545
L1912-01466,ISNACK (Victor),L1912-01466,1,2,3,0,1,1,,,,,,
L1912-01475,JAULMES (Henri),L1912-01475,1,1,1215,1,0,0.1417230913,7,747,1,0,0.2327613105,1
L1912-01477,JOUBERT (Jules-Frédéric),L1912-01477,1,1,1215,1,0,0.1806010116,,,,,,
L1912-01481,JULIEN (Cyprien-Edouard-Paul),L1912-01481,1,3,1215,1,0.01885898164,0.1225519887,22,747,1,0.0072834653,0.2218257508,0.5627705628
L1912-01482,JUNÈS (Sauveur),L1912-01482,1,2,1215,1,0.001706164077,0.1447305675,15,747,1,0.009588235004,0.2560933745,0.7523809524
L1912-01485,KADDOUR (Mohamed),L1912-01485,1,1,7,0,0,0.5454545455,5,6,0,0,1,1
L1912-01502,KËRAMBRIEG (),L1912-01502,1,4,1215,1,0.008650074849,0.1291214635,18,747,1,0.009091986669,0.2393326917,0.7908496732
L1912-01506,KHAIRALLAH (Ben Moslefa),L1912-01506,1,2,1215,1,0.01369856463,0.09217919514,26,747,1,0.09440236069,0.1838797141,0.4830769231
L1912-01515,KHEIREDDINE (),L1912-01515,1,1,4,0,0,0.6,2,3,0,0,1,1
L1912-01518,KHIAT (Joseph),L1912-01518,1,1,2,0,0,1,,,,,,
L1912-01526,KLEPPER (Georges),L1912-01526,1,4,1215,1,0.008144464967,0.1252837977,4,747,1,0.003321639164,0.2332707942,0.5
L1912-01543,KRISKIS (Martin),L1912-01543,1,2,1215,1,0.001647446458,0.1076241135,1,747,1,0,0.2077994429,0
L1912-01557,LABBÈ (),L1912-01557,1,1,1215,1,0,0.1214728837,8,747,1,0,0.2205795387,1
L1912-01560,LACORRE (Pierre),L1912-01560,1,3,6,0,0.7,0.7142857143,2,3,0,0,1,1
L1912-01565,LAFFAGE (Antoiûn-Louis),L1912-01565,1,1,2,0,0,1,,,,,,
L1912-01566,LAFFORGUE (Francis-François-Emmanuel-Joseph),L1912-01566,1,1,2,0,0,1,,,,,,
L1912-01568,LAFONT (Hassen),L1912-01568,1,1,1215,1,0,0.1330848498,6,7,0,0,1,1
L1912-01573,LAKBEGHE (Moslefa Bou),L1912-01573,1,2,3,0,1,1,,,,,,
L1912-01575,LAKHOUA (),L1912-01575,1,2,3,0,1,1,,,,,,
L1912-01577,LALLIERMONET (Hjlaire),L1912-01577,1,3,23,0,0.5151515152,0.3055555556,7,11,0,0.5555555556,0.7142857143,0.5238095238
L1912-01579,LAMBERT (Basile),L1912-01579,1,8,1215,1,0.02863527185,0.1671715781,50,747,1,0.04102610703,0.3015359741,0.3020408163
L1912-01585,LANDEROIN (Séraphin- Marie - Joseph),L1912-01585,1,1,1215,1,0,0.1806010116,,,,,,
L1912-01586,LANGELLA (Jean-Antoine),L1912-01586,1,1,3,0,0,0.6666666667,1,2,0,0,1,0
L1912-01587,LANGLOIS (Marie-Adolphe-Chery),L1912-01587,1,1,1215,1,0,0.1183928223,4,747,1,0,0.2175561388,1
L1912-01588,LANNE (Elie),L1912-01588,1,1,1215,1,0,0.1091923008,4,747,1,0,0.206590972,1
L1912-01591,LARGUÈGHE (Khlil),L1912-01591,1,1,1215,1,0,0.1361597129,13,747,1,0,0.1083829725,1
L1912-01591b,LAVAU (René),L1912-01591b,1,2,1215,1,0.007628598601,0.1564029889,31,747,1,0.007826809684,0.2716678806,0.7204301075
L1912-01592b,LASRAM (Mohammed),L1912-01592b,1,3,1215,1,0.004936906739,0.0705403835,2,747,1,0.002680965147,0.135463955,0
L1912-01593,LAURET (Emmanuel-Joseph),L1912-01593,1,1,1215,1,0,0.1360986547,7,747,1,0,0.2115111993,1
L1912-01594,LAVERDET (Henri-Hippolyle),L1912-01594,1,1,1215,1,0,0.1449379179,13,747,1,0,0.2536552193,1
L1912-01597,LEAL (Charles-Henri),L1912-01597,1,1,2,0,0,1,,,,,,
L1912-01597b,LE BOEUF (Henri-Jules),L1912-01597b,1,2,1215,1,0.001647446458,0.1245383668,2,747,1,0,0.2301048735,1
L1912-01599,LECA (Toussaint),L1912-01599,1,1,1215,1,0,0.1164620107,2,747,1,0,0.214244687,1
L1912-01599b,LEGORE-GARPENTIER (Edmond),L1912-01599b,1,5,1215,1,0.03324584248,0.1923930269,55,747,1,0.06522957374,0.3565965583,0.4484848485
L1912-01600,LEFEBVRE (Louis-Georges),L1912-01600,1,1,2,0,0,1,,,,,,
L1912-01601,LÉGER (Bernard),L1912-01601,1,2,1215,1,0.001647446458,0.1218630797,7,747,1,0,0.2251056126,1
L1912-01607,LEMANSKI (Witold-Charles),L1912-01607,1,4,1215,1,0.01096632259,0.1508824261,23,747,1,0.01629675964,0.2629538245,0.3399209486
L1912-01610,LEPINEY (Charles-Pierre),L1912-01610,1,1,2,0,0,1,,,,,,
L1912-01611,LEROY (Louis),L1912-01611,1,1,1215,1,0,0.1332309043,1,747,1,0,0.2502515934,0
L1912-01612,LESCAR (),L1912-01612,1,1,2,0,0,1,,,,,,
L1912-01612b,LESGOT (Maurice),L1912-01612b,1,1,2,0,0,1,,,,,,
L1912-01615b,LE THEUF (Louis),L1912-01615b,1,1,2,0,0,1,,,,,,
L1912-01617,LEVI (Guglielmo),L1912-01617,1,1,1215,1,0,0.1412613451,9,747,1,0,0.223487118,1
L1912-01623,LIËGEY (Edouard),L1912-01623,1,2,1215,1,0.001647446458,0.1056570931,2,747,1,0,0.2003222342,1
L1912-01635,LOGOTHETTI (),L1912-01635,1,1,2,0,0,1,,,,,,
L1912-01637,LOIR (Adrien),L1912-01637,1,2,4,0,0.6666666667,0.75,1,2,0,0,1,0
L1912-01638,LOIZON (Louis-Joseph),L1912-01638,1,2,3,0,1,1,,,,,,
L1912-01640,LOTH (Gaston),L1912-01640,1,2,1215,1,0.0608636043,0.1832176275,13,747,1,0,0.1083829725,1
L1912-01645,LUCIANI (Pierre-Paul),L1912-01645,1,6,1215,1,0.05712707763,0.1905210295,36,747,1,0.02378881396,0.2795054327,0.5746031746
L1912-01657,MACHUEL (Louis-Pierre),L1912-01657,1,2,18,0,0.1176470588,0.53125,15,16,0,0,1,1
L1912-01658,MACHWITZ (),L1912-01658,1,1,2,0,0,1,,,,,,
L1912-01659,MACLER (),L1912-01659,1,1,1215,1,0,0.1112740605,4,747,1,0,0.2097862767,1
L1912-01681,MALET (François),L1912-01681,1,2,1215,1,0.001206221918,0.1438047856,12,747,1,0.01597783256,0.250672043,0.4545454545
L1912-01684,MALINAS (Albert),L1912-01684,1,3,1215,1,0.01798609517,0.139380023,13,747,1,0.01333285352,0.2599303136,0.5384615385
L1912-01692,MARCHIONI (Louis),L1912-01692,1,2,1215,1,0.001647446458,0.1806547619,,,,,,
L1912-01699,MARQUET (Louis),L1912-01699,1,1,1215,1,0,0.1806010116,,,,,,
L1912-01702,MARTEL (François-Joannès),L1912-01702,1,3,1215,1,0.001922570519,0.1317274306,5,747,1,0.00149819367,0.2480877951,0.2
L1912-01703,MARTIN (Joseph),L1912-01703,1,1,2,0,0,1,,,,,,
L1912-01706,MARTINIER (A.),L1912-01706,1,1,5,0,0,0.5714285714,3,4,0,0,1,1
L1912-01707,MARZAG (Louis-Marcel),L1912-01707,1,1,2,0,0,1,,,,,,
L1912-01709,MASSARI (Emile),L1912-01709,1,1,1215,1,0,0.1806010116,,,,,,
L1912-01710,MASSÉ (Jean-Daniel),L1912-01710,1,1,2,0,0,1,,,,,,
L1912-01717,MATHIEU (Charles),L1912-01717,1,1,2,0,0,1,,,,,,
L1912-01720,MATTEI (Aétius),L1912-01720,1,2,3,0,1,1,,,,,,
L1912-01723,MATTEIS (Albert DE),L1912-01723,1,1,1215,1,0,0.1172040935,5,747,1,0,0.2100816671,1
L1912-01725,MAUGER (Félicien-Henri),L1912-01725,1,1,1215,1,0,0.1806010116,,,,,,
L1912-01726,M AURAS (Félix),L1912-01726,1,3,1215,1,0.01449164067,0.1515227159,21,747,1,0.008906304504,0.272362176,0.5952380952
L1912-01728,MAURIN (Georges-ConstanHoachim),L1912-01728,1,1,1215,1,0,0.1354910714,11,747,1,0,0.2574189096,1
L1912-01729,M A U R Y (Armand-Pierre-Louis-JeanBaptisle),L1912-01729,1,1,2,0,0,1,,,,,,
L1912-01732,MAZET (Pierre),L1912-01732,1,2,3,0,1,1,,,,,,
L1912-01733,MAZIËRES (Marc-Alfred DE),L1912-01733,1,2,1215,1,0.001647446458,0.1259597427,7,747,1,0,0.2344437461,1
L1912-01734,MAZOYER (Emile),L1912-01734,1,1,5,0,0,0.4,1,3,0,0,0.6666666667,0
L1912-01736,MEARY (Ferdinand-Joseph),L1912-01736,1,1,2,0,0,1,,,,,,
L1912-01738,MECHIRKI (Mohamed),L1912-01738,1,1,3,0,0,0.6666666667,1,2,0,0,1,0
L1912-01743,MÉDINA (),L1912-01743,1,1,2,0,0,1,,,,,,
L1912-01759,MENATTI (Atlilio),L1912-01759,1,1,2,0,0,1,,,,,,
L1912-01773,MERCIER (François),L1912-01773,1,1,2,0,0,1,,,,,,
L1912-01775,MERLIN (Alfred-Maurice-Joseph),L1912-01775,1,1,5,0,0,0.5,2,3,0,0,1,1
L1912-01784,METLAOUI-GARE (V. Philippe - Thomas.),L1912-01784,1,3,4,0,1,1,,,,,,
L1912-01792,MICHEL (Edmond - François-Richard),L1912-01792,1,1,2,0,0,1,,,,,,
L1912-01802,MINICONI (Jérôme-Henry),L1912-01802,1,2,1215,1,0.001681117369,0.1006967485,2,747,1,0.0007634910367,0.1901121305,0
L1912-01810,MOCQOERIS (Paul-Edme-Eugène),L1912-01810,1,2,1215,1,0.001647446458,0.1316417263,2,747,1,0,0.2459610946,1
L1912-01812,MODIGLIANI (),L1912-01812,1,1,1215,1,0,0.131044905,13,747,1,0,0.2449917898,1
L1912-01820,MOLCO (Emile),L1912-01820,1,2,1215,1,0.001647446458,0.1412942272,9,747,1,0,0.223487118,1
L1912-01822,MOLINARI (Philippe-Antoine),L1912-01822,1,1,2,0,0,1,,,,,,
L1912-01828,MONTEFIORE (Lucien),L1912-01828,1,1,1215,1,0,0.1098841419,5,747,1,0,0.2103778906,1
L1912-01831,MONT-LOUIS (Paul-Louis-Mars),L1912-01831,1,2,6,0,0.4,0.5555555556,2,3,0,0,1,1
L1912-01835,MORELLI (Alphonse),L1912-01835,1,1,2,0,0,1,,,,,,
L1912-01837,MORENO (Raffaelo),L1912-01837,1,3,1215,1,0.003293534757,0.1312148725,6,747,1,0,0.2456371419,1
L1912-01838,MORENO (Ugo),L1912-01838,1,2,1215,1,0.004934190422,0.1099438508,7,747,1,0.005354733073,0.210496614,0.5238095238
L1912-01841,MORIZOT (Albert-Henri),L1912-01841,1,1,1215,1,0,0.1773298276,32,747,1,0,0.324912892,1
L1912-01844,MORPURGO (Léonidas),L1912-01844,1,2,3,0,1,1,,,,,,
L1912-01847,MOTTE-DARIÉS (DE LA),L1912-01847,1,1,1215,1,0,0.1509574733,16,747,1,0,0.2717668488,1
L1912-01849,MOUCHARD (Louis-Marie-Lucien-Vicor),L1912-01849,1,1,2,0,0,1,,,,,,
L1912-01851,MOULARD (Eugène),L1912-01851,1,1,1215,1,0,0.1806010116,,,,,,
L1912-01858b,MRARET (Hadi ben Ali El),L1912-01858b,1,1,2,0,0,1,,,,,,
L1912-01880,NADAL (Paul-Georges),L1912-01880,1,1,2,0,0,1,,,,,,
L1912-01892b,NEAU (Jean-Noé),L1912-01892b,1,1,1215,1,0,0.1379231993,20,747,1,0,0.2592077832,1
L1912-01896,NESTLER (Charles-Herniann),L1912-01896,1,4,1215,1,0.07879995177,0.206042091,48,747,1,0.05532297349,0.3366425993,0.5496453901
L1912-01900,NICOLAS (Alfred),L1912-01900,1,1,2,0,0,1,,,,,,
L1912-01904,NICOLLE (Charles-Jules-Henri),L1912-01904,1,2,1215,1,0.001647446458,0.144972534,13,747,1,0,0.2536552193,1
L1912-01906,NIEWENGLOWSKI (Gaston-Henri),L1912-01906,1,1,2,0,0,1,,,,,,
L1912-01921,OLIVIER (Paul-Louis-Joseph),L1912-01921,1,2,1215,1,0.004934190422,0.1402819505,14,747,1,0.002680965147,0.235479798,0.8571428571
L1912-01923,OMESSA (Pierre),L1912-01923,1,2,1215,1,0.01119192948,0.1852303937,41,747,1,0.02652723274,0.3389368469,0.6609756098
L1912-01927,ORDINAIRE (Maurice),L1912-01927,1,1,2,0,0,1,,,,,,
L1912-01930,ORLIAC (Jean),L1912-01930,1,1,1215,1,0,0.1202218261,5,747,1,0,0.2156692686,1
L1912-01931,ORTONA (Cesare),L1912-01931,1,3,1215,1,0.0244253589,0.1135853293,15,747,1,0.0291603951,0.2167344567,0.6380952381
L1912-01934,OTTAVY (Octave),L1912-01934,1,1,1215,1,0,0.1352796969,1,747,1,0,0.2526244497,0
L1912-01983,OUZIEL (Clément),L1912-01983,1,1,2,0,0,1,,,,,,
L1912-01989,PADOVANI (Pierre),L1912-01989,1,1,2,0,0,1,,,,,,
L1912-01993,PAOLI (Jean),L1912-01993,1,1,1215,1,0,0.1143772376,7,747,1,0,0.197458973,1
L1912-01994,PARIENTE (Seintob),L1912-01994,1,1,1215,1,0,0.09380312162,12,747,1,0,0.1802367722,1
L1912-01997,PASSEZ (Arnold),L1912-01997,1,2,1215,1,0.02204833685,0.1561615642,33,747,1,0.03202651416,0.28003003,0.5075757576
L1912-02003,PATRIARCHE (Albert),L1912-02003,1,1,1215,1,0,0.09400650457,4,747,1,0,0.167264574,1
L1912-02008,PAUTHIER (Joseph-Charles-Lucien),L1912-02008,1,3,1215,1,0.009850724781,0.1549259826,24,747,1,0.01068067726,0.277633048,0.7101449275
L1912-02016,PEIRON (Eugène),L1912-02016,1,1,1215,1,0,0.1485196966,2,747,1,0,0.2565337001,1
L1912-02019,PELLET (),L1912-02019,1,4,1215,1,0.01638890058,0.1429244172,15,747,1,0.01600662144,0.2651030561,0.4095238095
L1912-02020,PELLETIER (Louis-J.),L1912-02020,1,4,1215,1,0.004938264898,0.1331432332,8,747,1,0,0.2494983278,1
L1912-02022,PËLONI (Jean-Pierre),L1912-02022,1,1,1215,1,0,0.1112740605,4,747,1,0,0.2097862767,1
L1912-02025,PERCIE DU SERT (Fleury),L1912-02025,1,1,2,0,0,1,,,,,,
L1912-02029,PERPETUA (Giulio),L1912-02029,1,2,1215,1,0.001647446458,0.1041523679,2,747,1,0,0.1963157895,1
L1912-02031,PERRET (Jules),L1912-02031,1,1,4,0,0,0.5,1,2,0,0,1,0
L1912-02032,PERRIER (Fernand),L1912-02032,1,1,2,0,0,1,,,,,,
L1912-02035,PERROCHON (Henri-Auguste),L1912-02035,1,1,1215,1,0,0.1112740605,4,747,1,0,0.2097862767,1
L1912-02038,PETIT (Régis),L1912-02038,1,2,23,0,0.09090909091,0.22,5,11,0,0,0.5263157895,1
L1912-02050,PHILIPPEAU (Simon-François),L1912-02050,1,1,1215,1,0,0.1212060703,13,747,1,0,0.2231528567,1
L1912-02054,PICARD (François),L1912-02054,1,1,3,0,0,0.6666666667,1,2,0,0,1,0
L1912-02054b,PIGHON (),L1912-02054b,1,1,18,0,0,0.5,15,16,0,0,1,1
L1912-02058,PIETRA (Charles),L1912-02058,1,1,1215,1,0,0.09434255518,2,747,1,0,0.1687782805,1
L1912-02069,PLANCHE (),L1912-02069,1,1,1215,1,0,0.1295347845,11,747,1,0,0.2422077922,1
L1912-02073,PLESSIX (),L1912-02073,1,1,1215,1,0,0.1554019457,26,747,1,0,0.2698986975,1
L1912-02075,PLOUCHART (Alphonse),L1912-02075,1,2,1215,1,0.001647446458,0.1253873167,7,747,1,0,0.2330521712,1
L1912-02082,POIVRE (Pierre),L1912-02082,1,1,2,0,0,1,,,,,,
L1912-02092,POROT (Antonin),L1912-02092,1,1,1215,1,0,0.1295347845,11,747,1,0,0.2422077922,1
L1912-02096,PORTERIE (Clément),L1912-02096,1,2,1215,1,0.00265838591,0.1242833743,16,747,1,0.003611405196,0.2296091105,0.675
L1912-02102,POTERIE (René-Guillot DE LA),L1912-02102,1,2,1215,1,0.01750760467,0.1786344909,40,747,1,0.02034118735,0.3274802458,0.6756410256
L1912-02103,POUJADE (Raphaël),L1912-02103,1,1,2,0,0,1,,,,,,
L1912-02105,POYET (Joannès),L1912-02105,1,1,2,0,0,1,,,,,,
L1912-02107,PRADIER (Emmanuel),L1912-02107,1,1,13,0,0,0.2926829268,1,10,0,0,0.5294117647,0
L1912-02112,PRËVERAUD DE VAUMAS (WilliamCharles),L1912-02112,1,2,1215,1,0.001647446458,0.1368041469,5,747,1,0,0.2584892585,1
L1912-02119,PROUST (Paul-Eugène-Emile),L1912-02119,1,2,1215,1,0.005557451902,0.1420215255,10,747,1,0.005202237016,0.2642578817,0.8
L1912-02120,PROUST (Théodore-Auguste-GaspardOscar),L1912-02120,1,5,1215,1,0.006271942152,0.1380486695,6,747,1,0.002971590527,0.2589378688,0.1333333333
L1912-02122,PROVENCE (Henry),L1912-02122,1,1,1215,1,0,0.124232501,1,747,1,0,0.2291154791,0
L1912-02124,PUCH (Elie-M'héodore-Albéric DU),L1912-02124,1,1,2,0,0,1,,,,,,
L1912-02129,QUINEL (),L1912-02129,1,1,2,0,0,1,,,,,,
L1912-02131,RACINE (Henry-Marie),L1912-02131,1,2,1215,1,0.001647446458,0.1112944628,4,747,1,0,0.2097862767,1
L1912-02135,RAIGHLEN (Louis-Jacques),L1912-02135,1,3,1215,1,0.003293534757,0.1084122165,3,747,1,0,0.2061912659,1
L1912-02138,RANDET (Paul-Joseph),L1912-02138,1,2,1215,1,0.003292176599,0.1259858863,8,747,1,0.002680965147,0.2345174473,0.75
L1912-02139,RANDON (A-bel),L1912-02139,1,1,1215,1,0,0.1354910714,11,747,1,0,0.2574189096,1
L1912-02146,RAUCHER (Julien),L1912-02146,1,1,2,0,0,1,,,,,,
L1912-02151,REBOUL (Augustin - Chartes),L1912-02151,1,1,1215,1,0,0.1355515855,13,747,1,0,0.2061342912,1
L1912-02155,REFALO (Salvator-François),L1912-02155,1,1,1215,1,0,0.1509574733,16,747,1,0,0.2717668488,1
L1912-02158,REIX (Jean),L1912-02158,1,3,1215,1,0.01042432393,0.1615650785,16,747,1,0.005519658812,0.2933543059,0.7833333333
L1912-02159,REMY (Victor-Henri-Adolphe),L1912-02159,1,1,1215,1,0,0.1328809107,2,747,1,0,0.1793269231,1
L1912-02160,RENAULT (Jules),L1912-02160,1,2,1215,1,0.001647446458,0.1192300137,16,747,1,0,0.2101408451,1
L1912-02161,RESFLANDY (Jean-Emile-Ferdinaild),L1912-02161,1,2,1215,1,0.01019727882,0.1573354069,22,747,1,0.009775957118,0.2818284851,0.8311688312
L1912-02162,REÙBEL (Maurice),L1912-02162,1,2,1215,1,0.001647446458,0.1390607102,9,747,1,0,0.2594782609,1
L1912-02166,REVOL (Jean),L1912-02166,1,1,2,0,0,1,,,,,,
L1912-02169,REY (Louis),L1912-02169,1,1,2,0,0,1,,,,,,
L1912-02170,REY (Louis),L1912-02170,1,2,1215,1,0.001647446458,0.1343217526,3,747,1,0,0.2525389303,1
L1912-02171,REYMOND (I-I.-L.),L1912-02171,1,3,1215,1,0.004936906739,0.1555213938,27,747,1,0.002680965147,0.2699963807,0.9259259259
L1912-02172,REYNAUD (Alphonse),L1912-02172,1,3,1215,1,0.005612592279,0.1808162049,3,747,1,0.005354733073,0.2183840749,0.3333333333
L1912-02179,RICHARD (Paul-Antoine),L1912-02179,1,1,2,0,0,1,,,,,,
L1912-02180,RICHARD (Victor),L1912-02180,1,1,1215,1,0,0.1082189339,1,747,1,0,0.2057363486,0
L1912-02182,RIETMANN (Edouard-Rodolphe),L1912-02182,1,2,1215,1,0.001647446458,0.1509950249,16,747,1,0,0.2717668488,1
L1912-02190,ROBAGLIA (Pascal-Nonce),L1912-02190,1,3,23,0,0.6233766234,0.3235294118,4,11,0,0.5111111111,0.625,0.1666666667
L1912-02191,ROBERT (Henri-Léon),L1912-02191,1,5,1215,1,0.01964095482,0.1543743642,31,747,1,0.04356341301,0.2782543827,0.376344086
L1912-02193,ROBINET (Pierre),L1912-02193,1,1,1215,1,0,0.1806010116,,,,,,
L1912-02196,ROEDERER (Léon-Georges),L1912-02196,1,1,1215,1,0,0.1401847575,13,747,1,0,0.2441898527,1
L1912-02203,ROMDAN BEN ROMDAN (),L1912-02203,1,4,1215,1,0.01474960308,0.1096459538,15,747,1,0.01333285352,0.210259301,0.5238095238
L1912-02205,RONNE (Gustave),L1912-02205,1,2,1215,1,0.001647446458,0.0945924887,1,747,1,0,0.176526266,0
L1912-02206,ROQUES (Antonin-Hippolvle-Félix),L1912-02206,1,2,1215,1,0.001647446458,0.1096261513,1,747,1,0,0.1906465627,0
L1912-02211,ROUDY (Athariase),L1912-02211,1,1,1215,1,0,0.1379231993,20,747,1,0,0.2592077832,1
L1912-02213,ROUQUIE (Alexandre),L1912-02213,1,1,1215,1,0,0.1519019019,4,747,1,0,0.2644452322,1
L1912-02219,ROYER (Alfred),L1912-02219,1,1,1215,1,0,0.1806010116,,,,,,
L1912-02221,RUPRICH-ROBERT (Edmoïid-Alberl),L1912-02221,1,2,3,0,1,1,,,,,,
L1912-02223,RUTILY (),L1912-02223,1,1,5,0,0,0.4,1,3,0,0,0.6666666667,0
L1912-02224,SAADA (Albert),L1912-02224,1,1,3,0,0,0.6666666667,1,2,0,0,1,0
L1912-02226,SAADA (Victor),L1912-02226,1,1,1215,1,0,0.09016636958,2,747,1,0,0.1739738806,1
L1912-02230,SADOK-BEY (Mohamed),L1912-02230,1,1,1215,1,0,0.1160168196,5,747,1,0,0.210556026,1
L1912-02231,SADOUN (Jacques),L1912-02231,1,2,3,0,1,1,,,,,,
L1912-02246,SAINT-ROMAS (Jea.n-Eugône-Etleilne),L1912-02246,1,2,1215,1,0.0007802704576,0.1273337529,8,747,1,0.000546996272,0.2389493914,0.75
L1912-02255,SAKKAT (Ali),L1912-02255,1,2,1215,1,0.008980823466,0.09265760953,15,747,1,0.02735664034,0.1572181243,0.8761904762
L1912-02259,SALIÉGE (Henri),L1912-02259,1,1,3,0,0,0.6666666667,1,2,0,0,1,0
L1912-02260,SALIH (Mohamed),L1912-02260,1,1,6,0,0,0.4166666667,1,2,0,0,1,0
L1912-02264,SAMPERI (Carmeo),L1912-02264,1,1,1215,1,0,0.1143772376,7,747,1,0,0.197458973,1
L1912-02265,SANGÉS (Giuseppe),L1912-02265,1,2,1215,1,0.003693587904,0.1006633499,13,747,1,0.004600259413,0.1940182055,0.8461538462
L1912-02267,SANTILLANA (Léon),L1912-02267,1,1,1215,1,0,0.09016636958,2,747,1,0,0.1739738806,1
L1912-02269,SANTSCHI (Félix),L1912-02269,1,1,2,0,0,1,,,,,,
L1912-02270,SARABUSI (Camille),L1912-02270,1,1,13,0,0,0.4444444444,8,10,0,0,0.9,1
L1912-02271,SAUNIER (Henri-Louis),L1912-02271,1,2,1215,1,0.001647446458,0.1402171402,13,747,1,0,0.2354054907,1
L1912-02277,SAYAH (Mohamed),L1912-02277,1,1,1215,1,0,0.1390288594,9,747,1,0,0.2594782609,1
L1912-02283,SCHEMBRI (Emmanuel),L1912-02283,1,1,1215,1,0,0.1112944628,2,747,1,0,0.191380195,1
L1912-02286,SCHLUMBERGER (Raoul),L1912-02286,1,1,2,0,0,1,,,,,,
L1912-02287,SCHUH (François),L1912-02287,1,3,1215,1,0.003293534757,0.177433499,32,747,1,0,0.324912892,1
L1912-02289,SCIALOM (David-Dario),L1912-02289,1,2,3,0,1,1,,,,,,
L1912-02290,"SCIALOM (Salomon, dit Victor)",L1912-02290,1,2,1215,1,0.005001837604,0.1174308377,6,747,1,0.002048298041,0.210259301,0.6666666667
L1912-02318,SEPHAR (Aron),L1912-02318,1,1,1215,1,0,0.1134155456,9,747,1,0,0.1983515023,1
L1912-02321,SERRES (Jean-Victor),L1912-02321,1,1,1215,1,0,0.1192065986,16,747,1,0,0.2101408451,1
L1912-02330,SFAR (Béchir),L1912-02330,1,2,1215,1,0.001647446458,0.1192300137,16,747,1,0,0.2101408451,1
L1912-02336b,SIGOT (Louis),L1912-02336b,1,1,2,0,0,1,,,,,,
L1912-02337,SICRE DE FONTBRUNE (Alphonse),L1912-02337,1,1,2,0,0,1,,,,,,
L1912-02385,SIGNORETTY (Gustave),L1912-02385,1,1,2,0,0,1,,,,,,
L1912-02388,SIMIER (Joseph-Pierre),L1912-02388,1,1,2,0,0,1,,,,,,
L1912-02389,SIMONNET (Alfred-Louis-Alexandre),L1912-02389,1,3,4,0,1,1,,,,,,
L1912-02391,SITBON (Moïse),L1912-02391,1,3,1215,1,0.02074105333,0.1447996183,22,747,1,0.01657012043,0.2441099476,0.3376623377
L1912-02397,SMADJA (Isaac),L1912-02397,1,1,11,0,0,0.5263157895,9,10,0,0,1,1
L1912-02398,SMAJA (Isaac),L1912-02398,1,1,3,0,0,0.6666666667,1,2,0,0,1,0
L1912-02443,SOF (),L1912-02443,1,2,1215,1,0.0007789738504,0.1382058288,13,747,1,0.00108982364,0.2613875263,0.5256410256
L1912-02445,SOLAL (Eugène),L1912-02445,1,1,2,0,0,1,,,,,,
L1912-02453,SOUCIET (M.-A.-Joseph),L1912-02453,1,1,1215,1,0,0.1367733213,5,747,1,0,0.2584892585,1
L1912-02475,STALLA-BOURDILLON (Camille-Laurent-Gustave-Léon),L1912-02475,1,1,1215,1,0,0.1172040935,5,747,1,0,0.2100816671,1
L1912-02479,STOLL (Jacques-Marie-Alphonse),L1912-02479,1,1,1215,1,0,0.09400650457,4,747,1,0,0.167264574,1
L1912-02481,STRESINO (Charles-Pascal),L1912-02481,1,1,2,0,0,1,,,,,,
L1912-02483,SUCH (Antonin),L1912-02483,1,1,1215,1,0,0.1390288594,9,747,1,0,0.2594782609,1
L1912-02485,SURDON (Rômi-Elie),L1912-02485,1,1,2,0,0,1,,,,,,
L1912-02487,SUSINI (Jean-Paul),L1912-02487,1,1,2,0,0,1,,,,,,
L1912-02488,SUSINI (Paul),L1912-02488,1,1,1215,1,0,0.1352796969,1,747,1,0,0.2526244497,0
L1912-02500,TABONE (Salvator),L1912-02500,1,1,1215,1,0,0.1192534381,9,747,1,0,0.2136311569,1
L1912-02521,TAVERNE (),L1912-02521,1,1,18,0,0,0.5,15,16,0,0,1,1
L1912-02551,THERMES (Jules-Léon-Pierre),L1912-02551,1,1,2,0,0,1,,,,,,
L1912-02555,THOMAS (Ferdinand),L1912-02555,1,3,1215,1,0.003293534757,0.1330265176,1,747,1,0,0.2504196039,0
L1912-02558,THORRAND (François-E.),L1912-02558,1,1,2,0,0,1,,,,,,
L1912-02564,TIPHAINE (Lambert),L1912-02564,1,1,2,0,0,1,,,,,,
L1912-02568,TIXADOR (François),L1912-02568,1,1,2,0,0,1,,,,,,
L1912-02574,TOUCON (Jacques-Marie),L1912-02574,1,4,5,0,1,1,,,,,,
L1912-02579,TOURNIER (Jean-Joseph),L1912-02579,1,1,1215,1,0,0.133877371,2,747,1,0,0.2507563025,1
L1912-02585,TREMSAL (Paul),L1912-02585,1,2,1215,1,0.001647446458,0.1094877345,10,747,1,0,0.2099634112,1
L1912-02599b,TROLL (Louis),L1912-02599b,1,1,18,0,0,0.5,15,16,0,0,1,1
L1912-02600,TROUILLET (Alexis),L1912-02600,1,1,2,0,0,1,,,,,,
L1912-02602,TULLIER (Louis-Agna.n),L1912-02602,1,2,3,0,1,1,,,,,,
L1912-02603,TUNIS (),L1912-02603,1,1,1215,1,0,0.1134155456,9,747,1,0,0.1983515023,1
L1912-02612,TUSSAC (Emile),L1912-02612,1,1,1215,1,0,0.1212060703,13,747,1,0,0.2231528567,1
L1912-02615,USANNAZ-JORIS (Marcel),L1912-02615,1,1,1215,1,0,0.1006633499,1,747,1,0,0.1900152827,0
L1912-02623,VAISSIË (Louis-Raymond),L1912-02623,1,1,1215,1,0,0.1484107579,10,747,1,0,0.256621947,1
L1912-02627,VALENSI (Joseph),L1912-02627,1,1,2,0,0,1,,,,,,
L1912-02630,VALENSI (Raoul),L1912-02630,1,1,3,0,0,0.6666666667,1,2,0,0,1,0
L1912-02632,VALENSI (Rodolphe),L1912-02632,1,2,1215,1,0.001647446458,0.1390607102,9,747,1,0,0.2594782609,1
L1912-02633,VALENSI (Théodore),L1912-02633,1,1,1215,1,0,0.09809308339,1,747,1,0,0.1831573779,0
L1912-02637,VALITON (Jules-Eugône),L1912-02637,1,1,1215,1,0,0.1094679892,10,747,1,0,0.2099634112,1
L1912-02638,VALLETTA (Joseph),L1912-02638,1,1,23,0,0,0.2156862745,5,11,0,0,0.5263157895,1
L1912-02642,VAQUIË (Paul-Louis),L1912-02642,1,1,1215,1,0,0.1068097836,2,747,1,0,0.1710616831,1
L1912-02645,VASSEL (Marie-Joseph-Eusôbe),L1912-02645,1,3,1215,1,0.003293534757,0.1467601547,10,747,1,0,0.2775297619,1
L1912-02647b,VAUDAINE (Elienne-Jean-Baptisle),L1912-02647b,1,5,1215,1,0.1040149763,0.1839393939,42,747,1,0.2029218058,0.3414187643,0.5981416957
L1912-02647c,VAYSSIÊRE (Marius),L1912-02647c,1,1,1215,1,0,0.1806010116,,,,,,
L1912-02649,VENTRE (Joseph-Auguste),L1912-02649,1,2,1215,1,0.001647446458,0.1426221805,9,747,1,0,0.2645390071,1
L1912-02655,VERSINI (Dominique-Séraphin),L1912-02655,1,1,1215,1,0,0.1192065986,16,747,1,0,0.2101408451,1
L1912-02657,VEYRIER (Jean-Etienne),L1912-02657,1,2,1215,1,0.004934190422,0.137020316,5,747,1,0.002680965147,0.2622144112,0.6
L1912-02659,VIDAL (Martial-Camille),L1912-02659,1,4,1215,1,0.02055273016,0.182556391,8,747,1,0,0.2138148467,1
L1912-02663,VILLATTE (Pierre-Auguste),L1912-02663,1,1,8,0,0,0.5384615385,6,7,0,0,1,1
L1912-02664,VILLATE (Louis-Edgard),L1912-02664,1,1,2,0,0,1,,,,,,
L1912-02673,VIRZI (Mineo-Paolo),L1912-02673,1,3,4,0,1,1,,,,,,
L1912-02678,VUILLAUME (Raymond),L1912-02678,1,1,7,0,0,0.5454545455,5,6,0,0,1,1
L1912-02680,WARREN (),L1912-02680,1,2,3,0,1,1,,,,,,
L1912-02682,WARTELLE (Eugène),L1912-02682,1,1,1215,1,0,0.1584856397,16,747,1,0,0.2882534776,1
L1912-02685,WATRIN (Ernest-Dominique),L1912-02685,1,2,1215,1,0.01435666032,0.1893915757,46,747,1,0.03245245715,0.3513895431,0.5961352657
L1912-02686,WEBER (Jean-Frédéric),L1912-02686,1,2,1215,1,0.01959008055,0.1498395458,17,747,1,0.02648577649,0.2498325519,0.5147058824
L1912-02687,WEISSEN-SZUMLANSKI (Wilfrid),L1912-02687,1,1,1215,1,0,0.1088593974,1,747,1,0,0.2061342912,0
L1912-02688,WILLOT-BEAUCHEMIN (),L1912-02688,1,1,1215,1,0,0.1094679892,10,747,1,0,0.2099634112,1
L1912-02689,WISSEMANS (Maurice-Mario-Joseph),L1912-02689,1,1,1215,1,0,0.1091923008,4,747,1,0,0.206590972,1
L1912-02700,ZAKARIA (Mohsen),L1912-02700,1,1,1215,1,0,0.1186705767,1,747,1,0,0.2126567845,0
L1912-02707,ZAOUCHE (Abdeljelil),L1912-02707,1,2,4,0,0.6666666667,0.75,1,2,0,0,1,0
L1912-02708,ZAOUCHE (Abdulhamid),L1912-02708,1,1,1215,1,0,0.08198271205,14,747,1,0,0.1565253882,1
L1912-02709,ZAOUCHE (Sellam),L1912-02709,1,1,1215,1,0,0.08198271205,14,747,1,0,0.1565253882,1
L1912-02725,ZARROUK (Abou Baker),L1912-02725,1,2,1215,1,0.001647446458,0.1249742639,7,747,1,0,0.2321817616,1
L1912-02741,ZURETTI (Louis),L1912-02741,1,3,4,0,1,1,,,,,,
L1912-02744,CAPELLANO (Halo),L1912-02744,1,3,1215,1,0.003293534757,0.09383212243,12,747,1,0,0.1802367722,1
L1912-02744c,GHODOROWIZ (Emile-Louis),L1912-02744c,1,1,1215,1,0,0.1466892218,10,747,1,0,0.2775297619,1
L1912-02747,DOUMET-ADANSON (Paul-Napoléon),L1912-02747,1,1,2,0,0,1,,,,,,
L1912-02749,FELICI (Jean-Olivier),L1912-02749,1,3,1215,1,0.003293534757,0.1494705738,11,747,1,0,0.2489986649,1
L1912-02753,KELLER (Paul-Adolphe),L1912-02753,1,1,2,0,0,1,,,,,,
L1912-02762,MIFSUD (Joseph),L1912-02762,1,2,1215,1,0.001647446458,0.1192768717,9,747,1,0,0.2136311569,1
L1912-02767,NANI (Elconide),L1912-02767,1,4,1215,1,0.02607257185,0.1560411311,35,747,1,0.02386958634,0.2707803993,0.6067226891
L1912-02770,PATTI (Pietro),L1912-02770,1,3,1215,1,0.005594997758,0.1330265176,17,747,1,0.005204566332,0.2505036938,0.6470588235
L1912-02771,PISANI (François),L1912-02771,1,1,2,0,0,1,,,,,,
L1912-02775,TUOR (Florin),L1912-02775,1,1,1215,1,0,0.1355515855,13,747,1,0,0.2061342912,1
L1912-02776,VUARNET (Lucien),L1912-02776,1,2,1215,1,0.001647446458,0.1355818629,13,747,1,0,0.2061342912,1
L1912-02779,XUËREB (Salvator),L1912-02779,1,2,1215,1,0.001647446458,0.1192768717,9,747,1,0,0.2136311569,1
NAME:A BONAN,A Bonan,,0,1,11,0,0,0.5263157895,9,10,0,0,1,1
NAME:A BOUTET,A Boutet,,0,1,1215,1,0,0.1506951341,6,747,1,0,0.2666190136,1
NAME:A BUSSULIL,A Bussulil,,0,1,1215,1,0,0.1626473741,16,747,1,0,0.29474516,1
NAME:A CHEIKH,A Cheikh,,0,1,1215,1,0,0.1096459538,8,747,1,0,0.2154823801,1
NAME:A DESIREES,A Désirées,,0,1,1215,1,0,0.106659638,1,747,1,0,0.2018398268,0
NAME:A DUVIALARD,A Duvialard,,0,1,1215,1,0,0.1361597129,13,747,1,0,0.1083829725,1
NAME:A ILALFON,A Ilalfon,,0,1,1215,1,0,0.121838619,7,747,1,0,0.2251056126,1
NAME:A LEBUCHER,A Lebucher,,0,1,12,0,0,0.3142857143,4,9,0,0,0.6153846154,1
NAME:A M,A1M,,0,1,1215,1,0,0.09380312162,12,747,1,0,0.1802367722,1
NAME:A NUNEZ,A Nunez,,0,1,1215,1,0,0.09380312162,12,747,1,0,0.1802367722,1
NAME:A RAMELIA,A Ramelïa,,0,1,1215,1,0,0.09380312162,12,747,1,0,0.1802367722,1
NAME:A REY,A Rey,,0,1,1215,1,0,0.131044905,13,747,1,0,0.2449917898,1
NAME:ABDELJELIL ZAOUCHE,Abdeljelil Zaouche,,0,1,1215,1,0,0.1445238095,10,747,1,0,0.2755818249,1
NAME:ABDERRAHMANE LAZZEM,Abderrahmane Lazzem,,0,1,1215,1,0,0.07753225188,8,747,1,0,0.1546434494,1
NAME:ABDESSELEM ZAOUCHE,Abdesselem Zaouche,,0,1,1215,1,0,0.08198271205,14,747,1,0,0.1565253882,1
NAME:ACHILLE RAFFIN,Achille Raffin,,0,1,1215,1,0,0.1160168196,5,747,1,0,0.210556026,1
NAME:AFFAIRES,Affaires,,0,1,1215,1,0,0.1773298276,32,747,1,0,0.324912892,1
NAME:AFFAIRES ETRANGERES,Affaires Etrangères,,0,1,1215,1,0,0.1546890928,20,747,1,0,0.2772203642,1
NAME:AFILLOU,Afillou,,0,1,1215,1,0,0.1219365207,7,747,1,0,0.2240913187,1
NAME:AI HOUETTE,Aï Houette,,0,1,1215,1,0,0.1449379179,13,747,1,0,0.2536552193,1
NAME:AIN CL ASKER,Aïn-cl-Asker,,0,1,1215,1,0,0.1401847575,13,747,1,0,0.2441898527,1
NAME:AIN EL ASKER,Aïn-el-Asker,,0,1,1215,1,0,0.1493234932,2,747,1,0,0.2645390071,1
NAME:ALARIO VAIS,Alario Vais,,0,1,1215,1,0,0.09380312162,12,747,1,0,0.1802367722,1
NAME:ALASI,Alasi,,0,1,1215,1,0,0.1039739637,3,747,1,0,0.1934145709,1
NAME:ALBERTINI,Albertini,,0,1,1215,1,0,0.1360986547,7,747,1,0,0.2115111993,1
NAME:ALI,Ali,,0,1,1215,1,0,0.07753225188,8,747,1,0,0.1546434494,1
NAME:ALI BNCH I IAMBA,Ali Bnch-i-Iamba,,0,1,1215,1,0,0.09151213629,12,747,1,0,0.1822178798,1
NAME:ALIX,Alix,,0,2,1215,1,0.02689038324,0.1845545759,7,747,1,0,0.2327613105,1
NAME:ALLAICHI,Allaichi,,0,1,1215,1,0,0.1806010116,,,,,,
NAME:ALLIA,Allia,,0,1,7,0,0,0.5454545455,5,6,0,0,1,1
NAME:ALORY,Alory,,0,1,1215,1,0,0.1220836685,10,747,1,0,0.2258552831,1
NAME:AMOR BOUHAGEB,Amor Bouhageb,,0,1,1215,1,0,0.09151213629,12,747,1,0,0.1822178798,1
NAME:ANDRINY,Andriny,,0,1,1215,1,0,0.1212060703,13,747,1,0,0.2231528567,1
NAME:ANE,Ane,,0,1,1215,1,0,0.1311581677,6,747,1,0,0.2456371419,1
NAME:ANGELI,Angeli,,0,1,1215,1,0,0.1379231993,20,747,1,0,0.2592077832,1
NAME:ANOUILH,Anouilh,,0,2,1215,1,0.008080325343,0.1811399582,10,747,1,0,0.1804547654,1
NAME:ANSIDEI,Ansidei,,0,1,1215,1,0,0.120747961,5,747,1,0,0.2224209899,1
NAME:ANTIQUITES,Antiquités,,0,1,1215,1,0,0.1114170338,3,747,1,0,0.2113314448,1
NAME:AOUIDJ,Aouidj,,0,1,1215,1,0,0.1096459538,8,747,1,0,0.2154823801,1
NAME:ARTS,Arts,,0,1,1215,1,0,0.1192065986,16,747,1,0,0.2101408451,1
NAME:AYMARD,Aymard,,0,1,1215,1,0,0.1584856397,16,747,1,0,0.2882534776,1
NAME:AZIZ HAYOUNNI,Aziz Hayounni,,0,1,1215,1,0,0.09151213629,12,747,1,0,0.1822178798,1
NAME:AZZOPARDI ALFREDO,Azzopardi Alfredo,,0,1,7,0,0,0.5454545455,5,6,0,0,1,1
NAME:B ABDALLAH,B Abdallah,,0,1,1215,1,0,0.1096459538,8,747,1,0,0.2154823801,1
NAME:B COUIFEAS,B Couiféas,,0,1,1215,1,0,0.1626473741,16,747,1,0,0.29474516,1
NAME:B WALDISPUL,B Waldispul,,0,1,1215,1,0,0.1355515855,13,747,1,0,0.2061342912,1
NAME:BACAR,Bacar,,0,1,1215,1,0,0.1806010116,,,,,,
NAME:BAILLEUL,Bailleul,,0,1,1215,1,0,0.1333772797,10,747,1,0,0.1804547654,1
NAME:BAIS,Bais,,0,1,23,0,0,0.2156862745,5,11,0,0,0.5263157895,1
NAME:BAIZEAU,Baizeau,,0,1,1215,1,0,0.1269077985,5,747,1,0,0.2362254592,1
NAME:BALESTRA,Balestra,,0,1,18,0,0,0.5,15,16,0,0,1,1
NAME:BALOUZAT,Balouzat,,0,1,1215,1,0,0.1379231993,20,747,1,0,0.2592077832,1
NAME:BARBARIN,Barbarin,,0,1,1215,1,0,0.09400650457,4,747,1,0,0.167264574,1
NAME:BARILAUD,Barilaud,,0,1,6,0,0,0.5555555556,4,5,0,0,1,1
NAME:BARLHEROTE,Barlherote,,0,1,1215,1,0,0.1212060703,13,747,1,0,0.2231528567,1
NAME:BARRAQUO,Barraquô,,0,1,1215,1,0,0.1212060703,13,747,1,0,0.2231528567,1
NAME:BARRION,Barrion,,0,6,1215,1,0.07210645053,0.1798518519,84,747,1,0.1526817705,0.3311140701,0.1801491681
NAME:BARTHE,Barthe,,0,1,1215,1,0,0.1484107579,10,747,1,0,0.256621947,1
NAME:BARTHELEMY,Barthélémy,,0,1,1215,1,0,0.1354910714,11,747,1,0,0.2574189096,1
NAME:BARTHELET,Barthelet,,0,1,1215,1,0,0.1806010116,,,,,,
NAME:BATTESTI,Battesti,,0,1,7,0,0,0.5,4,5,0,0,1,1
NAME:BAZERQUE,Bazerque,,0,1,1215,1,0,0.09735364876,2,747,1,0,0.1821289062,1
NAME:BEAU,Beau,,0,1,1215,1,0,0.12593361,7,747,1,0,0.2344437461,1
NAME:BEAUVAIS,Beauvais,,0,1,1215,1,0,0.1330848498,6,7,0,0,1,1
NAME:BENEDELLI,Benedelli,,0,1,7,0,0,0.5454545455,5,6,0,0,1,1
NAME:BENTEJAC,Bentejac,,0,1,1215,1,0,0.1073196605,6,747,1,0,0.09793882106,1
NAME:BENZIMRA,Benzimra,,0,1,1215,1,0,0.1554019457,26,747,1,0,0.2698986975,1
NAME:BERTHIER,Berthier,,0,2,1215,1,0.0174455387,0.1902225008,16,747,1,0,0.29474516,1
NAME:BERTIN,Bertin,,0,2,1215,1,0.01001652933,0.1813564386,6,747,1,0,0.2007534984,1
NAME:BES,Bes,,0,1,23,0,0,0.2156862745,5,11,0,0,0.5263157895,1
NAME:BEY,Bey,,0,1,18,0,0,0.5,15,16,0,0,1,1
NAME:BEYA,Beya,,0,1,1215,1,0,0.1096459538,8,747,1,0,0.2154823801,1
NAME:BIANCHI,Bianchi,,0,1,1215,1,0,0.1361597129,13,747,1,0,0.1083829725,1
NAME:BIZET,Bizet,,0,1,1215,1,0,0.1311015119,2,747,1,0,0.245556287,1
NAME:BLAIVE,Blaive,,0,1,1215,1,0,0.1584856397,16,747,1,0,0.2882534776,1
NAME:BLANC,Blanc,,0,3,1215,1,0.00917794901,0.145983646,14,747,1,0.01168580907,0.2499162479,0.4175824176
NAME:BLOEH,Bloeh,,0,1,1215,1,0,0.1554019457,26,747,1,0,0.2698986975,1
NAME:BLONDEL,Blondel,,0,1,1215,1,0,0.1212060703,13,747,1,0,0.2231528567,1
NAME:BODINEAU,Bodineau,,0,1,1215,1,0,0.1554019457,26,747,1,0,0.2698986975,1
NAME:BOEUF,Boeuf,,0,1,1215,1,0,0.1449379179,13,747,1,0,0.2536552193,1
NAME:BOISSONNAS,Boissonnas,,0,1,1215,1,0,0.1269077985,5,747,1,0,0.2362254592,1
NAME:BONAVITA,Bonavita,,0,2,1215,1,0.01147508254,0.1809779368,6,7,0,0,1,1
NAME:BONETTE,Bonette,,0,1,1215,1,0,0.1360986547,7,747,1,0,0.2115111993,1
NAME:BONNET,Bonnet,,0,1,1215,1,0,0.1806010116,,,,,,
NAME:BONREPAUX,Bonrepaux,,0,1,1215,1,0,0.1253614209,7,747,1,0,0.2330521712,1
NAME:BONURA,Bonura,,0,1,7,0,0,0.5454545455,5,6,0,0,1,1
NAME:BORSINI,Borsini,,0,1,1215,1,0,0.1554019457,26,747,1,0,0.2698986975,1
NAME:BOUBY,Bouby,,0,1,4,0,0,0.6,2,3,0,0,1,1
NAME:BOUHAGEB,Bouhageb,,0,1,1215,1,0,0.1096459538,8,747,1,0,0.2154823801,1
NAME:BOUISSEL,Bouissel,,0,1,1215,1,0,0.1806010116,,,,,,
NAME:BOUIX,Bouix,,0,1,1215,1,0,0.1354910714,11,747,1,0,0.2574189096,1
NAME:BOULIER,Boulier,,0,1,1215,1,0,0.1554019457,26,747,1,0,0.2698986975,1
NAME:BOURNEL,Bournel,,0,1,1215,1,0,0.1598630498,14,747,1,0,0.2907248636,1
NAME:BOURREL,Bourrel,,0,1,1215,1,0,0.1391244556,8,747,1,0,0.2138148467,1
NAME:BOURSES,Bourses,,0,1,1215,1,0,0.1806010116,,,,,,
NAME:BOYE,Boyé,,0,1,1215,1,0,0.1253614209,7,747,1,0,0.2330521712,1
NAME:BRAQUEHAYE,Braquehaye,,0,4,1215,1,0.02339612072,0.1656207367,31,747,1,0.03630757995,0.3017799353,0.3591397849
NAME:BREUIL,Breuil,,0,2,1215,1,0.01310351478,0.1364044944,19,747,1,0.01597783256,0.1084775338,0.5438596491
NAME:BROCHURES,Brochures,,0,1,2,0,0,1,,,,,,
NAME:BROU,Brou,,0,1,13,0,0,0.4444444444,8,10,0,0,0.9,1
NAME:BRUNEL,Brunel,,0,1,1215,1,0,0.1073196605,6,747,1,0,0.09793882106,1
NAME:BUSQUE,Busqué,,0,1,1215,1,0,0.1806010116,,,,,,
NAME:BUYER,Buyer,,0,1,1215,1,0,0.1249485385,7,747,1,0,0.2321817616,1
NAME:C DIAEONO,C Diaeono,,0,1,7,0,0,0.5454545455,5,6,0,0,1,1
NAME:C SALIBA,C Saliba,,0,1,1215,1,0,0.1192534381,9,747,1,0,0.2136311569,1
NAME:CABROL,Cabrol,,0,1,1215,1,0,0.1806010116,,,,,,
NAME:CACHELOU,Cachelou,,0,1,1215,1,0,0.1806010116,,,,,,
NAME:CADOLINI,Cadolini,,0,1,18,0,0,0.5,15,16,0,0,1,1
NAME:CAFTAN,Caftan,,0,1,1215,1,0,0.1129932986,5,747,1,0,0.1923176076,1
NAME:CAMILLE,Camille,,0,1,1215,1,0,0.131044905,13,747,1,0,0.2449917898,1
NAME:CAPET,Capet,,0,1,1215,1,0,0.1379231993,20,747,1,0,0.2592077832,1
NAME:CARATINI,Caratini,,0,1,1215,1,0,0.1806010116,,,,,,
NAME:CARBONNEL,Carbonnel,,0,2,1215,1,0.004562521577,0.1421212831,13,747,1,0.004876973179,0.2354054907,0.4871794872
NAME:CARCASSES,Carcasses,,0,1,1215,1,0,0.1546890928,20,747,1,0,0.2772203642,1
NAME:CARDORNA,Cardorna,,0,1,18,0,0,0.5,15,16,0,0,1,1
NAME:CARDOSO,Cardoso,,0,2,1215,1,0.005981849154,0.1372682044,24,747,1,0.009724925844,0.258668516,0.481884058
NAME:CARNET,Carnet,,0,1,1215,1,0,0.1401847575,13,747,1,0,0.2441898527,1
NAME:CARTHAGE,Carthage,,0,1,1215,1,0,0.1253614209,7,747,1,0,0.2330521712,1
NAME:CASANELLO,Casanello,,0,1,1215,1,0,0.1129932986,5,747,1,0,0.1923176076,1
NAME:CASINIERE,Casinière,,0,1,1215,1,0,0.1220836685,10,747,1,0,0.2258552831,1
NAME:CASINLERE,Casinlère,,0,1,1215,1,0,0.1341436464,7,747,1,0,0.1849739648,1
NAME:CATANIA,Catania,,0,1,1215,1,0,0.09001927925,5,747,1,0,0.1739333178,1
NAME:CAUWEL,Cauwel,,0,1,1215,1,0,0.1466892218,10,747,1,0,0.2775297619,1
NAME:CECCALDI,Ceccaldi,,0,1,1215,1,0,0.1806010116,,,,,,
NAME:CECCATTY,Ceccatty,,0,1,1215,1,0,0.1401847575,13,747,1,0,0.2354054907,1
NAME:CESANA,Cesana,,0,1,1215,1,0,0.131044905,13,747,1,0,0.2449917898,1
NAME:CHADLI OKBI,Chadli Okbi,,0,1,1215,1,0,0.09151213629,12,747,1,0,0.1822178798,1
NAME:CHAFFARD,Chaffard,,0,1,1215,1,0,0.1806010116,,,,,,
NAME:CHAMBRES,Chambres,,0,1,1215,1,0,0.1509574733,16,747,1,0,0.2717668488,1
NAME:CHANDIOUX,Chandioux,,0,1,1215,1,0,0.1546890928,20,747,1,0,0.2772203642,1
NAME:CHARBONNEL,Charbonnel,,0,1,1215,1,0,0.1401847575,13,747,1,0,0.2354054907,1
NAME:CHARLES PIETRA,Charles Piétra,,0,1,1215,1,0,0.1219365207,7,747,1,0,0.2240913187,1
NAME:CHARMETANT,Charmetant,,0,1,1215,1,0,0.1493234932,2,747,1,0,0.2645390071,1
NAME:CHARRION,Charrion,,0,1,5,0,0,0.5714285714,3,4,0,0,1,1
NAME:CHATEL,Chatel,,0,1,1215,1,0,0.1401847575,13,747,1,0,0.2354054907,1
NAME:CHAUSSE,Chausse,,0,1,1215,1,0,0.1449379179,13,747,1,0,0.2536552193,1
NAME:CHEIKH MOHAMED,Cheikh Mohamed,,0,1,1215,1,0,0.1096459538,8,747,1,0,0.2154823801,1
NAME:CHERCHILLOT,Cherchillot,,0,1,1215,1,0,0.1264583333,2,747,1,0,0.2323987539,1
NAME:CHEVAL,Cheval,,0,1,1215,1,0,0.1379231993,20,747,1,0,0.2592077832,1
NAME:CHEVALLIER,Chevallier,,0,1,1215,1,0,0.1806010116,,,,,,
NAME:CLARY,Clary,,0,1,1215,1,0,0.1506951341,6,747,1,0,0.2666190136,1
NAME:CLAVE,Clavé,,0,1,1215,1,0,0.1379231993,20,747,1,0,0.2592077832,1
NAME:CLEMENT MODIGLIANI,Clément Modigliani,,0,1,1215,1,0,0.131044905,13,747,1,0,0.2449917898,1
NAME:CNLNBRE,Cnlnbre,,0,1,1215,1,0,0.1058413252,1,747,1,0,0.1561649571,0
NAME:COAN,Coan,,0,1,1215,1,0,0.1362514029,4,747,1,0,0.2575966851,1
NAME:COLLEGE ALAOUI,Collège Alaoui,,0,1,1215,1,0,0.1192065986,16,747,1,0,0.2101408451,1
NAME:COLONIE,Colonie,,0,1,3,0,0,0.6666666667,1,2,0,0,1,0
NAME:COMBES,Combes,,0,1,1215,1,0,0.1269077985,5,747,1,0,0.2362254592,1
NAME:COMME,Comme,,0,1,2,0,0,1,,,,,,
NAME:CONSTANTIN,Constantin,,0,1,1215,1,0,0.1094679892,10,747,1,0,0.2099634112,1
NAME:CONSUL,Consul,,0,1,1215,1,0,0.1311581677,6,747,1,0,0.2456371419,1
NAME:CORNILLON,Cornillon,,0,1,1215,1,0,0.1806010116,,,,,,
NAME:CORTESI,Cortési,,0,1,1215,1,0,0.1295347845,11,747,1,0,0.2422077922,1
NAME:COSTE,Coste,,0,1,3,0,0,0.6666666667,1,2,0,0,1,0
NAME:COSTET,Costet,,0,1,1215,1,0,0.1584856397,16,747,1,0,0.2882534776,1
NAME:COUPIN,Coupin,,0,2,1215,1,0.0009385245281,0.1359158083,13,747,1,0.001773218263,0.255566975,0.5
NAME:COUPIN J B,Coupin J.-B,,0,1,1215,1,0,0.1329391152,6,747,1,0,0.2501676727,1
NAME:COUREDERIE,Courederie,,0,1,1215,1,0,0.1806010116,,,,,,
NAME:COUREHET,Courehet,,0,1,1215,1,0,0.1214728837,8,747,1,0,0.2205795387,1
NAME:COURRAI,Courrai,,0,1,1215,1,0,0.1584856397,16,747,1,0,0.2882534776,1
NAME:COURTADE,Courtade,,0,1,13,0,0,0.4444444444,8,10,0,0,0.9,1
NAME:COURTADE F,Courtade F,,0,1,1215,1,0,0.1391244556,8,747,1,0,0.2138148467,1
NAME:COUSLURIOU,Cousluriou,,0,1,1215,1,0,0.1484107579,10,747,1,0,0.256621947,1
NAME:CUREL,Curel,,0,1,7,0,0,0.5454545455,5,6,0,0,1,1
NAME:CURIEL,Curiel,,0,1,4,0,0,0.6,2,3,0,0,1,1
NAME:D BRAQUEHAYE,D Braquehaye,,0,1,18,0,0,0.5,15,16,0,0,1,1
NAME:D COHEN TANUDJI,D Cohen Tanudji,,0,1,11,0,0,0.5263157895,9,10,0,0,1,1
NAME:D UZAN,D Uzan,,0,1,1215,1,0,0.1445238095,10,747,1,0,0.2755818249,1
NAME:DANIEL,Daniel,,0,1,1215,1,0,0.1354910714,11,747,1,0,0.2574189096,1
NAME:DARIO,Dario,,0,1,1215,1,0,0.131044905,13,747,1,0,0.2449917898,1
NAME:DAVESNE,Davesne,,0,1,1215,1,0,0.1806010116,,,,,,
NAME:DEBAR,Debar,,0,1,1215,1,0,0.1333772797,10,747,1,0,0.1804547654,1
NAME:DELIA SOMAGLIA,Délia Somaglia,,0,1,18,0,0,0.5,15,16,0,0,1,1
NAME:DELIGNE,Deligne,,0,1,1215,1,0,0.1584856397,16,747,1,0,0.2882534776,1
NAME:DELMAS,Delmas,,0,1,7,0,0,0.5454545455,5,6,0,0,1,1
NAME:DELULLY,Delully,,0,1,1215,1,0,0.1806010116,,,,,,
NAME:DEMANGE,Démange,,0,1,1215,1,0,0.1509574733,16,747,1,0,0.2717668488,1
NAME:DEPUIS,Depuis,,0,1,1215,1,0,0.1341436464,7,747,1,0,0.1849739648,1
NAME:DESPEROUX,Desperoux,,0,1,1215,1,0,0.1484107579,10,747,1,0,0.256621947,1
NAME:DESSANLI,Dessanlî,,0,1,1215,1,0,0.1449379179,13,747,1,0,0.2536552193,1
NAME:DESTENAVE,Destenave,,0,1,1215,1,0,0.1123449935,3,747,1,0,0.2143678161,1
NAME:DEVELOPPEMENT,Développement,,0,1,4,0,0,0.6,2,3,0,0,1,1
NAME:DEVELOPPER,Développer,,0,1,1215,1,0,0.1330848498,6,7,0,0,1,1
NAME:DIIUAYO,Diiuayo,,0,1,1215,1,0,0.1379231993,20,747,1,0,0.2592077832,1
NAME:DIVE,Dive,,0,1,1215,1,0,0.1417230913,7,747,1,0,0.2327613105,1
NAME:DJEMAIA,Djemaïa,,0,1,4,0,0,0.6,2,3,0,0,1,1
NAME:DT CADIERGUES,DT Cadiergues,,0,1,1215,1,0,0.1484107579,10,747,1,0,0.256621947,1
NAME:DUBOURG,Dubourg,,0,1,1215,1,0,0.1484107579,10,747,1,0,0.256621947,1
NAME:DUCROQUET,Ducroquet,,0,1,1215,1,0,0.1584856397,16,747,1,0,0.2882534776,1
NAME:DUFETEL,Dufetel,,0,1,1215,1,0,0.1330848498,6,7,0,0,1,1
NAME:DUFOUR,Dufour,,0,1,1215,1,0,0.1354910714,11,747,1,0,0.2574189096,1
NAME:DUMONT,Dumont,,0,1,1215,1,0,0.1214728837,8,747,1,0,0.2205795387,1
NAME:DUPLAY,Duplay,,0,1,1215,1,0,0.1546890928,20,747,1,0,0.2772203642,1
NAME:DUREL ALPHONSE,Durel Alphonse,,0,1,1215,1,0,0.1212060703,13,747,1,0,0.2231528567,1
NAME:DUREL AUGUSTE,Durel Auguste,,0,1,1215,1,0,0.1212060703,13,747,1,0,0.2231528567,1
NAME:DUVERNOY,Duvernoy,,0,1,1215,1,0,0.1806010116,,,,,,
NAME:E AZUELOS,E Azuelos,,0,1,1215,1,0,0.1192534381,9,747,1,0,0.2136311569,1
NAME:E COSTE,E Coste,,0,1,3,0,0,0.6666666667,1,2,0,0,1,0
NAME:E LICARI,E Licari,,0,1,1215,1,0,0.1192534381,9,747,1,0,0.2136311569,1
NAME:E LOUBET,E Loubet,,0,1,1215,1,0,0.1361597129,13,747,1,0,0.1083829725,1
NAME:EDOUARD,Edouard,,0,1,1215,1,0,0.1584856397,16,747,1,0,0.2882534776,1
NAME:EL HADJ MOHAMED FERISSA,El Hadj Mohamed Ferissa,,0,1,1215,1,0,0.1598630498,14,747,1,0,0.2907248636,1
NAME:ELIA,Elia,,0,1,3,0,0,0.6666666667,1,2,0,0,1,0
NAME:ELIE,Elie,,0,1,1215,1,0,0.1134155456,9,747,1,0,0.1983515023,1
NAME:ELIE KHNYNL,Elie Khnynl,,0,1,1215,1,0,0.1134155456,9,747,1,0,0.1983515023,1
NAME:ELOPHE,Elophe,,0,1,1215,1,0,0.1355515855,13,747,1,0,0.2061342912,1
NAME:ENRIQUEZ,Enriquez,,0,1,1215,1,0,0.1554019457,26,747,1,0,0.2698986975,1
NAME:EPINAL,Epinal,,0,1,1215,1,0,0.1509574733,16,747,1,0,0.2717668488,1
NAME:ERICE MILIANI,Erice Miliani,,0,1,1215,1,0,0.1143772376,7,747,1,0,0.197458973,1
NAME:ERNEST SFEZ,Ernest Sfez,,0,1,7,0,0,0.5454545455,5,6,0,0,1,1
NAME:ESPRANGLE,Esprangle,,0,1,1215,1,0,0.1253614209,7,747,1,0,0.2330521712,1
NAME:F BAUSELLI,F Bauselli,,0,1,1215,1,0,0.09380312162,12,747,1,0,0.1802367722,1
NAME:F FABRE,F Fabre,,0,1,1215,1,0,0.1506951341,6,747,1,0,0.2666190136,1
NAME:F J RELIER,F.-J Relier,,0,1,7,0,0,0.5,4,5,0,0,1,1
NAME:FAIVRE,Faivre,,0,1,1215,1,0,0.1112128985,2,747,1,0,0.209668353,1
NAME:FALANDRY,Falandry,,0,1,1215,1,0,0.1806010116,,,,,,
NAME:FEDERATION,Fédération,,0,1,1215,1,0,0.1358549687,3,747,1,0,0.2188967136,1
NAME:FELIX,Félix,,0,1,1215,1,0,0.09735364876,2,747,1,0,0.1821289062,1
NAME:FELIX BONAN,Félix Bonan,,0,1,1215,1,0,0.1189030362,5,747,1,0,0.217239371,1
NAME:FELIX SFEZ,Félix Sfez,,0,1,1215,1,0,0.1134155456,9,747,1,0,0.1983515023,1
NAME:FELLOUS,Fellous,,0,1,1215,1,0,0.1161722488,8,747,1,0,0.2208407342,1
NAME:FERDINAND AMY,Ferdinand Amy,,0,1,1215,1,0,0.1806010116,,,,,,
NAME:FERIOUILLET,Feriouillet,,0,1,1215,1,0,0.1114170338,3,747,1,0,0.2113314448,1
NAME:FIDEI,Fidei,,0,1,18,0,0,0.5,15,16,0,0,1,1
NAME:FIGUIERE,Figuière,,0,1,1215,1,0,0.1354910714,11,747,1,0,0.2574189096,1
NAME:FINANCES,Finances,,0,1,4,0,0,0.6,2,3,0,0,1,1
NAME:FINNOCCHI,Finnocchi,,0,1,12,0,0,0.3333333333,3,9,0,0,0.6153846154,1
NAME:FITOUS,Fitous,,0,1,1215,1,0,0.1134155456,9,747,1,0,0.1983515023,1
NAME:FLORIAN DUCURTIL,Florian Ducurtil,,0,1,1215,1,0,0.1160168196,5,747,1,0,0.210556026,1
NAME:FONTBRUNE,Fontbrune,,0,1,1215,1,0,0.1214728837,8,747,1,0,0.2205795387,1
NAME:FORCIOLI,Forcioli,,0,1,1215,1,0,0.1203171457,2,747,1,0,0.2176831048,1
NAME:FRANCHEBOIS,Franchebois,,0,1,1215,1,0,0.1333772797,10,747,1,0,0.1804547654,1
NAME:FRAYSSINEL,Frayssinel,,0,1,1215,1,0,0.1379231993,20,747,1,0,0.2592077832,1
NAME:FREDERIC MISTRAL,Frédéric Mistral,,0,1,1215,1,0,0.1401847575,13,747,1,0,0.2354054907,1
NAME:FRETIN,Fretin,,0,1,1215,1,0,0.1114170338,3,747,1,0,0.2113314448,1
NAME:FRNNCONNET,Frnnconnet,,0,1,1215,1,0,0.1806010116,,,,,,
NAME:G FIORENTINO,G Fiorentino,,0,1,1215,1,0,0.131044905,13,747,1,0,0.2449917898,1
NAME:G LECOLLIER,G Lecollier,,0,1,12,0,0,0.3142857143,4,9,0,0,0.6153846154,1
NAME:G MESSANA,G Messana,,0,1,1215,1,0,0.131044905,13,747,1,0,0.2449917898,1
NAME:G MIFSUD,G Mifsud,,0,1,1215,1,0,0.1192534381,9,747,1,0,0.2136311569,1
NAME:GABRIEL MEDINA,Gabriel Médina,,0,1,7,0,0,0.5454545455,5,6,0,0,1,1
NAME:GAETANO BANTI,Gaetano Banti,,0,1,1215,1,0,0.1143772376,7,747,1,0,0.197458973,1
NAME:GALLEY,Galley,,0,1,1215,1,0,0.1112128985,2,747,1,0,0.209668353,1
NAME:GARCIN,Garcin,,0,1,1215,1,0,0.1806010116,,,,,,
NAME:GARNIER,Garnier,,0,1,1215,1,0,0.1094679892,10,747,1,0,0.2099634112,1
NAME:GASQ,Gasq,,0,1,1215,1,0,0.1806010116,,,,,,
NAME:GASTON EN,Gaston En,,0,1,7,0,0,0.5454545455,5,6,0,0,1,1
NAME:GAUBERL,Gauberl,,0,1,1215,1,0,0.1806010116,,,,,,
NAME:GAUCTENSRAVOLTI,GauctensRavolti,,0,1,1215,1,0,0.1546890928,20,747,1,0,0.2772203642,1
NAME:GAUVRY,Gauvry,,0,1,1215,1,0,0.1379231993,20,747,1,0,0.2592077832,1
NAME:GENEVAY,Genevay,,0,1,1215,1,0,0.1554019457,26,747,1,0,0.2698986975,1
NAME:GEOFL ROY SAINFE J JILAIRE,Geofl'roy-Sainfe-J-Jilaire,,0,1,1215,1,0,0.1269077985,5,747,1,0,0.2362254592,1
NAME:GERARD,Gérard,,0,1,1215,1,0,0.1212060703,13,747,1,0,0.2231528567,1
NAME:GERENTE,Gérente,,0,1,1215,1,0,0.1361597129,13,747,1,0,0.1083829725,1
NAME:GERMAIN,Germain,,0,1,1215,1,0,0.1806010116,,,,,,
NAME:GERONIMI,Geronimi,,0,1,7,0,0,0.5454545455,5,6,0,0,1,1
NAME:GIANNESINI,Giannesini,,0,2,1215,1,0.01371904716,0.1860821582,14,747,1,0,0.2907248636,1
NAME:GILLES,Gilles,,0,1,5,0,0,0.5714285714,3,4,0,0,1,1
NAME:GIROD,Girod,,0,1,13,0,0,0.4444444444,8,10,0,0,0.9,1
NAME:GONTHIER,Gonthier,,0,1,1215,1,0,0.1806010116,,,,,,
NAME:GOUBELLAT,Goubellat,,0,1,1215,1,0,0.1401847575,13,747,1,0,0.2441898527,1
NAME:GOUTTRY,Gouttry,,0,1,1215,1,0,0.134649512,6,747,1,0,0.2007534984,1
NAME:GRAS,Gras,,0,1,1215,1,0,0.1806010116,,,,,,
NAME:GRAZIANI,Graziani,,0,1,1215,1,0,0.1094679892,10,747,1,0,0.2099634112,1
NAME:GREGOIRE,Grégoire,,0,1,1215,1,0,0.1449379179,13,747,1,0,0.2536552193,1
NAME:GRISCELLI,Griscelli,,0,1,1215,1,0,0.1379231993,20,747,1,0,0.2592077832,1
NAME:GROS,Gros,,0,1,1215,1,0,0.1391244556,8,747,1,0,0.2138148467,1
NAME:GROSDEMANGE,Grosdemange,,0,1,1215,1,0,0.1202218261,5,747,1,0,0.2156692686,1
NAME:GRUNIG,Grunig,,0,1,1215,1,0,0.1509574733,16,747,1,0,0.2717668488,1
NAME:GUES,Gués,,0,1,1215,1,0,0.1354910714,11,747,1,0,0.2574189096,1
NAME:GUINLE,Guinle,,0,2,1215,1,0.02086520727,0.187519308,26,747,1,0,0.2698986975,1
NAME:GUODAGNINO,Guodagnino,,0,1,1215,1,0,0.09001927925,5,747,1,0,0.1739333178,1
NAME:GUSTAVE ROLLAND,Gustave Rolland,,0,1,1215,1,0,0.1329391152,6,747,1,0,0.2501676727,1
NAME:GUYOT,Guyot,,0,1,1215,1,0,0.1598630498,14,747,1,0,0.2907248636,1
NAME:H BOU HADJEB,H Bou Hadjeb,,0,1,1215,1,0,0.08198271205,14,747,1,0,0.1565253882,1
NAME:HABIB NESSIM,Habib Nessim,,0,1,8,0,0,0.5384615385,6,7,0,0,1,1
NAME:HADI LASSOUED,Hadi Lassoued,,0,1,1215,1,0,0.07753225188,8,747,1,0,0.1546434494,1
NAME:HADI TAHAR,Hadi Tahar,,0,1,1215,1,0,0.09151213629,12,747,1,0,0.1822178798,1
NAME:HAFSID,Hafsid,,0,1,1215,1,0,0.1214728837,8,747,1,0,0.2205795387,1
NAME:HAIOUNI,Haiouni,,0,1,13,0,0,0.4444444444,8,10,0,0,0.9,1
NAME:HAIOUNI AZIZ,Haïouni Aziz,,0,1,1215,1,0,0.08198271205,14,747,1,0,0.1565253882,1
NAME:HALLOUIN,Hallouin,,0,1,1215,1,0,0.1094679892,10,747,1,0,0.2099634112,1
NAME:HAMOU,Hamou,,0,1,1215,1,0,0.1161722488,8,747,1,0,0.2208407342,1
NAME:HAMOUDA,Hamouda,,0,1,1215,1,0,0.07753225188,8,747,1,0,0.1546434494,1
NAME:HASSEN GUELLATY,Hassen Guellaty,,0,1,1215,1,0,0.08198271205,14,747,1,0,0.1565253882,1
NAME:HENRI CBARVIN,Henri Cbarvin,,0,1,1215,1,0,0.1401847575,13,747,1,0,0.2441898527,1
NAME:HENRI HAOUZI,Henri Haouzi,,0,1,1215,1,0,0.1189030362,5,747,1,0,0.217239371,1
NAME:HENRIKSEN,Henriksen,,0,1,1215,1,0,0.1401847575,13,747,1,0,0.2354054907,1
NAME:HOUBANI,Houbani,,0,1,1215,1,0,0.1414588674,6,747,1,0,0.2684418856,1
NAME:HOUDEBINE,Houdebine,,0,2,1215,1,0.003610475386,0.1602428722,19,747,1,0.00353927917,0.29140625,0.6549707602
NAME:HUGON,Hugon,,0,1,1215,1,0,0.1806010116,,,,,,
NAME:I ABEASIS ET V SLAMA,I Abéasis'et V Slama,,0,1,11,0,0,0.5263157895,9,10,0,0,1,1
NAME:I IAVOUN,I-Iavoun,,0,1,1215,1,0,0.121838619,7,747,1,0,0.2251056126,1
NAME:I IEUSCH,I-Ieusch,,0,1,1215,1,0,0.1355515855,13,747,1,0,0.2061342912,1
NAME:II COMTE,II Comte,,0,1,1215,1,0,0.1546890928,20,747,1,0,0.2772203642,1
NAME:ILS,Ils,,0,1,2,0,0,1,,,,,,
NAME:IMPARIALE,Impariale,,0,1,7,0,0,0.5454545455,5,6,0,0,1,1
NAME:INGLESE ANT,Inglese Ant,,0,1,1215,1,0,0.1161722488,8,747,1,0,0.2208407342,1
NAME:INVERSIN,Inversin,,0,1,1215,1,0,0.1361597129,13,747,1,0,0.1083829725,1
NAME:J ATTAL,J Attal,,0,1,3,0,0,0.6666666667,1,2,0,0,1,0
NAME:J BONAN,J Bonan,,0,1,7,0,0,0.5,4,5,0,0,1,1
NAME:J LECLERC,J Leclerc,,0,1,1215,1,0,0.1506951341,6,747,1,0,0.2666190136,1
NAME:J M TERRAS,J.-M Terras,,0,1,1215,1,0,0.1626473741,16,747,1,0,0.29474516,1
NAME:J MOULIN,J Moulin,,0,1,1215,1,0,0.1417230913,7,747,1,0,0.2327613105,1
NAME:JACQUES,Jacques,,0,2,1215,1,0.009552361156,0.1428907721,18,747,1,0.01062791534,0.2509249916,0.5751633987
NAME:JACQUIER,Jacquier,,0,1,1215,1,0,0.1806010116,,,,,,
NAME:JEAN,Jean,,0,2,1215,1,0.01712319938,0.181573437,7,747,1,0,0.1849739648,1
NAME:JEAN COLLIARD,Jean Colliard,,0,1,1215,1,0,0.1554019457,26,747,1,0,0.2698986975,1
NAME:JEAN MARIE TERRAS,Jean-Marie Terras,,0,1,1215,1,0,0.1330556773,8,747,1,0,0.2494983278,1
NAME:JEAN MOULIN,Jean Moulin,,0,1,1215,1,0,0.1219365207,7,747,1,0,0.2240913187,1
NAME:JEAN PELONI,Jean Péloni,,0,1,1215,1,0,0.1554019457,26,747,1,0,0.2698986975,1
NAME:JOLY LOUYS,Joly Louys,,0,1,1215,1,0,0.1078152753,3,747,1,0,0.2083216978,1
NAME:JOMIER,Jomier,,0,1,1215,1,0,0.1330848498,6,7,0,0,1,1
NAME:JOSEPH COHEN,Joseph Cohen,,0,2,1215,1,0.007190967768,0.1468311563,17,747,1,0.0152195153,0.2804511278,0.4926470588
NAME:JOSEPH VALENSI,Joseph Valensi,,0,1,1215,1,0,0.1445238095,10,747,1,0,0.2755818249,1
NAME:JOUAFFRE,Jouaffre,,0,1,1215,1,0,0.1806010116,,,,,,
NAME:JULES BESSIS,Jules Bessis,,0,2,1215,1,0.003686913458,0.1436686391,13,747,1,0.00810101954,0.2730600293,0.4743589744
NAME:JULES BONAN,Jules Bonan,,0,1,7,0,0,0.5454545455,5,6,0,0,1,1
NAME:JUNAUD,Junaud,,0,1,1215,1,0,0.1354910714,11,747,1,0,0.2574189096,1
NAME:KAIROUAN,Kairouan,,0,1,1215,1,0,0.1509574733,16,747,1,0,0.2717668488,1
NAME:KHEMIS,Khemis,,0,1,1215,1,0,0.1512961117,5,747,1,0,0.2651030561,1
NAME:KIEN EMILE,Kien Emile,,0,1,1215,1,0,0.1362514029,4,747,1,0,0.2575966851,1
NAME:KLENTZ,Klentz,,0,1,1215,1,0,0.1449379179,13,747,1,0,0.2536552193,1
NAME:KLIAIRAILAH,Kliairaîlah,,0,1,1215,1,0,0.09151213629,12,747,1,0,0.1822178798,1
NAME:L BLANC,L Blanc,,0,1,13,0,0,0.4444444444,8,10,0,0,0.9,1
NAME:L JOSSE,L Josse,,0,1,1215,1,0,0.1361597129,13,747,1,0,0.1083829725,1
NAME:LABALLE,Laballe,,0,1,1215,1,0,0.1333772797,10,747,1,0,0.1804547654,1
NAME:LABONNE,Labonne,,0,1,18,0,0,0.5,15,16,0,0,1,1
NAME:LAGARDE,Lagarde,,0,1,4,0,0,0.6,2,3,0,0,1,1
NAME:LAGRENEE,Lagrenée,,0,1,18,0,0,0.5,15,16,0,0,1,1
NAME:LAMORRE,Lamorre,,0,1,1215,1,0,0.1449379179,13,747,1,0,0.2536552193,1
NAME:LANDON,Landon,,0,1,1215,1,0,0.1626473741,16,747,1,0,0.29474516,1
NAME:LAPALU,Lapalu,,0,1,1215,1,0,0.1806010116,,,,,,
NAME:LARCLEL,Larclel,,0,1,1215,1,0,0.1202218261,5,747,1,0,0.2156692686,1
NAME:LASSERAND,Lasserand,,0,1,1215,1,0,0.1484107579,10,747,1,0,0.256621947,1
NAME:LAVIT,Lavit,,0,1,1215,1,0,0.1355515855,13,747,1,0,0.2061342912,1
NAME:LECLERC,Leclerc,,0,1,1215,1,0,0.1598630498,14,747,1,0,0.2907248636,1
NAME:LECORECARPENLIER,LecoreCarpenlier,,0,1,1215,1,0,0.1466892218,10,747,1,0,0.2775297619,1
NAME:LEFRONF,Lefronf,,0,1,1215,1,0,0.1509574733,16,747,1,0,0.2717668488,1
NAME:LEIRANSKI,Leiranski,,0,1,1215,1,0,0.1626473741,16,747,1,0,0.29474516,1
NAME:LEMOINE,Lemoine,,0,1,1215,1,0,0.1202218261,5,747,1,0,0.2156692686,1
NAME:LEON,Léon,,0,1,1215,1,0,0.1253614209,2,747,1,0,0.2348127164,1
NAME:LEON ROY,Léon Roy,,0,1,1215,1,0,0.1806010116,,,,,,
NAME:LEPAGE,Lepage,,0,1,1215,1,0,0.1155530173,6,747,1,0,0.2004298764,1
NAME:LEPIDI,Lepidi,,0,1,1215,1,0,0.120747961,5,747,1,0,0.2224209899,1
NAME:LEVY,Lévy,,0,1,1215,1,0,0.1295347845,11,747,1,0,0.2422077922,1
NAME:LEVY DAVID,Lévy David,,0,1,8,0,0,0.5384615385,6,7,0,0,1,1
NAME:LIVOLSI G,Livolsi G,,0,1,7,0,0,0.5454545455,5,6,0,0,1,1
NAME:LOCHENAULT,Lôchenault,,0,1,1215,1,0,0.1546890928,20,747,1,0,0.2772203642,1
NAME:LOLIROFF,Loliroff,,0,1,1215,1,0,0.1295347845,11,747,1,0,0.2422077922,1
NAME:LOPINTO,Lopinto,,0,1,1215,1,0,0.1143772376,7,747,1,0,0.197458973,1
NAME:LOUIS THOMAS,Louis Thomas,,0,1,1215,1,0,0.1358549687,3,747,1,0,0.2188967136,1
NAME:LUBAC,Lubac,,0,1,1215,1,0,0.1183928223,4,747,1,0,0.2175561388,1
NAME:LUCIAIII,Luciaiii,,0,1,7,0,0,0.5454545455,5,6,0,0,1,1
NAME:LUIGI REY,Luigi Rey,,0,1,1215,1,0,0.1311581677,6,747,1,0,0.2456371419,1
NAME:LUPACCHIOLI,Lupacchioli,,0,1,18,0,0,0.5,15,16,0,0,1,1
NAME:MABILLANT,Mabillant,,0,1,1215,1,0,0.1341436464,7,747,1,0,0.1849739648,1
NAME:MABILON,Mabilon,,0,1,1215,1,0,0.1220836685,10,747,1,0,0.2258552831,1
NAME:MACTAR,Mactar,,0,1,1215,1,0,0.1330556773,8,747,1,0,0.2494983278,1
NAME:MAGASIN GENERAL,Magasin Général,,0,1,1215,1,0,0.1554019457,26,747,1,0,0.2698986975,1
NAME:MAIMOUN,Maïmoun,,0,1,11,0,0,0.5263157895,9,10,0,0,1,1
NAME:MAL A GAGLIARDO,MAL A Gagliardo,,0,1,1215,1,0,0.09380312162,12,747,1,0,0.1802367722,1
NAME:MALFILATRE,Malfilâtre,,0,1,1215,1,0,0.1360986547,7,747,1,0,0.2115111993,1
NAME:MALIS,Malis,,0,1,1215,1,0,0.1391244556,8,747,1,0,0.2138148467,1
NAME:MANIGOLD,Manigold,,0,1,1215,1,0,0.1123449935,3,747,1,0,0.2143678161,1
NAME:MANNINA SAVERIO,Mannina Saverio,,0,1,7,0,0,0.5454545455,5,6,0,0,1,1
NAME:MANVILLE,Manville,,0,1,1215,1,0,0.1361597129,13,747,1,0,0.1083829725,1
NAME:MARCHEGAY,Marchegay,,0,1,1215,1,0,0.14275635,5,747,1,0,0.2362254592,1
NAME:MARCHET,Marchet,,0,1,1215,1,0,0.1333772797,10,747,1,0,0.1804547654,1
NAME:MARCILLE,Marcille,,0,1,13,0,0,0.4444444444,8,10,0,0,0.9,1
NAME:MARIGNANO,Marignano,,0,1,1215,1,0,0.1212060703,13,747,1,0,0.2231528567,1
NAME:MARLINO FRANCESCO,Marlino Francesco,,0,1,7,0,0,0.5454545455,5,6,0,0,1,1
NAME:MARLINOLLES,Marlinolles,,0,1,1215,1,0,0.1391244556,8,747,1,0,0.2138148467,1
NAME:MARTIN,Martin,,0,1,1215,1,0,0.1806010116,,,,,,
NAME:MARTINI,Martini,,0,1,1215,1,0,0.1073196605,6,747,1,0,0.09793882106,1
NAME:MARTZ,Martz,,0,1,1215,1,0,0.1554019457,26,747,1,0,0.2698986975,1
NAME:MASSIA LUIGI,Massia Luigi,,0,1,1215,1,0,0.1412613451,9,747,1,0,0.223487118,1
NAME:MATEUR,Mateur,,0,1,1215,1,0,0.1401847575,13,747,1,0,0.2441898527,1
NAME:MATEUR BEJA GOUBELLAT,Mateur Béja Goubellat,,0,1,4,0,0,0.5,1,2,0,0,1,0
NAME:MATHIEU,Mathieu,,0,1,1215,1,0,0.1078152753,3,747,1,0,0.2083216978,1
NAME:MATLEI,Matleï,,0,1,1215,1,0,0.1361597129,13,747,1,0,0.1083829725,1
NAME:MATTOU,Mattou,,0,1,12,0,0,0.3142857143,4,9,0,0,0.6153846154,1
NAME:MAUBE,Maubé,,0,2,1215,1,0.01364349644,0.1823370381,7,747,1,0,0.2115111993,1
NAME:MAURICE ATTAL,Maurice Attal,,0,1,11,0,0,0.5263157895,9,10,0,0,1,1
NAME:MAURICE MAMOU,Maurice Mamou,,0,1,1215,1,0,0.1189030362,5,747,1,0,0.217239371,1
NAME:MAURIGI,Maurigi,,0,1,18,0,0,0.5,15,16,0,0,1,1
NAME:MAURIZIO LUMBROSO,Maurizio Lumbroso,,0,1,1215,1,0,0.09380312162,12,747,1,0,0.1802367722,1
NAME:MAZET,Mazet,,0,1,4,0,0,0.6,2,3,0,0,1,1
NAME:MAZURKIEWICZ,Mazurkiewicz,,0,1,1215,1,0,0.1806010116,,,,,,
NAME:MAZURKIEWIEZ,Mazurkiewiez,,0,1,1215,1,0,0.1328809107,2,747,1,0,0.1793269231,1
NAME:MEDAILLE,Médaille,,0,2,1215,1,0.003292176599,0.1342029626,8,747,1,0.002680965147,0.1850198413,0.75
NAME:MERAD DERBAL,Merad Derbal,,0,1,1215,1,0,0.07753225188,8,747,1,0,0.1546434494,1
NAME:MERCIER,Mercier,,0,2,1215,1,0.003382106364,0.1433632499,23,747,1,0.007888063458,0.2425227568,0.4861660079
NAME:MESCLOU,Mesclou,,0,1,5,0,0,0.5714285714,3,4,0,0,1,1
NAME:MESELON,Meselon,,0,1,1215,1,0,0.1401847575,13,747,1,0,0.2441898527,1
NAME:MEYVAL,Meyval,,0,1,4,0,0,0.6,2,3,0,0,1,1
NAME:MICHAUX,Michaux,,0,1,1215,1,0,0.1155530173,6,747,1,0,0.2004298764,1
NAME:MILAUI ERICE,Milaui Erice,,0,1,7,0,0,0.5454545455,5,6,0,0,1,1
NAME:MNRT IMER,Mnrt'imer,,0,1,1215,1,0,0.1401847575,13,747,1,0,0.2441898527,1
NAME:MOHAMED,Mohamed,,0,2,1215,1,0.0147292307,0.09163647343,20,747,1,0.02124619897,0.1825746451,0.4947368421
NAME:MOHAMED BACLI HAMBA,Mohamed Bacli-Hamba,,0,1,1215,1,0,0.09151213629,12,747,1,0,0.1822178798,1
NAME:MOHAMED CHABINI,Mohamed Châbini,,0,1,1215,1,0,0.09151213629,12,747,1,0,0.1822178798,1
NAME:MOHAMED CLIAFAI SAIAH,Mohamed Cliafaï Saïah,,0,1,1215,1,0,0.07753225188,8,747,1,0,0.1546434494,1
NAME:MOHAMED ELIAS,Mohamed Elias,,0,1,6,0,0,0.5555555556,4,5,0,0,1,1
NAME:MOHAMED MUBROUK,Mohamed Mubrouk,,0,1,7,0,0,0.5454545455,5,6,0,0,1,1
NAME:MOHAMMED DJELLOULI,Mohammed Djellouli,,0,1,1215,1,0,0.1249485385,7,747,1,0,0.2321817616,1
NAME:MONGEAUD,Mongeaud,,0,1,1215,1,0,0.1806010116,,,,,,
NAME:MONNIER,Monnier,,0,1,1215,1,0,0.1253614209,7,747,1,0,0.2330521712,1
NAME:MONROZIER,Monrozier,,0,2,1215,1,0.004232899169,0.1407373058,12,747,1,0.01075901024,0.2669051878,0.5151515152
NAME:MONTAGNOUX,Montagnoux,,0,1,1215,1,0,0.1355515855,13,747,1,0,0.2061342912,1
NAME:MONTASSIER,Montassier,,0,1,1215,1,0,0.1806010116,,,,,,
NAME:MONTEAU,Monteau,,0,1,1215,1,0,0.1806010116,,,,,,
NAME:MONTES,Montés,,0,1,4,0,0,0.6,2,3,0,0,1,1
NAME:MORENO UGO,Moreno Ugo,,0,1,1215,1,0,0.1412613451,9,747,1,0,0.223487118,1
NAME:MOSSE,Mossé,,0,1,1215,1,0,0.1129932986,5,747,1,0,0.1923176076,1
NAME:MUZART,Muzart,,0,1,1215,1,0,0.1341436464,7,747,1,0,0.1849739648,1
NAME:N M AYEB,N M'ayeb,,0,1,11,0,0,0.5263157895,9,10,0,0,1,1
NAME:NAUD,Naud,,0,1,1215,1,0,0.1333772797,10,747,1,0,0.1804547654,1
NAME:NEE,Née,,0,1,1215,1,0,0.1546890928,20,747,1,0,0.2772203642,1
NAME:NICOLAS,Nicolas,,0,1,1215,1,0,0.1161722488,8,747,1,0,0.2208407342,1
NAME:NOEL,Noël,,0,1,1215,1,0,0.1445238095,10,747,1,0,0.2755818249,1
NAME:NOMBREUX,Nombreux,,0,1,1215,1,0,0.1329391152,6,747,1,0,0.2501676727,1
NAME:NOVIELLO,Noviello,,0,1,1215,1,0,0.1598630498,14,747,1,0,0.2907248636,1
NAME:O VARGUES,O Vargues,,0,1,1215,1,0,0.1379231993,20,747,1,0,0.2592077832,1
NAME:OBERL,Oberl,,0,1,1215,1,0,0.1341436464,7,747,1,0,0.1849739648,1
NAME:OLLIER,Ollier,,0,1,1215,1,0,0.1073196605,6,747,1,0,0.09793882106,1
NAME:P BER,P Ber,,0,1,12,0,0,0.3142857143,4,9,0,0,0.6153846154,1
NAME:P EZON,P'ezon,,0,1,1215,1,0,0.1385844749,2,747,1,0,0.234664989,1
NAME:P NORMANT,P Normant,,0,1,1215,1,0,0.1361597129,13,747,1,0,0.1083829725,1
NAME:P SORIA,P Soria,,0,1,1215,1,0,0.09380312162,12,747,1,0,0.1802367722,1
NAME:PAGANO,Pagano,,0,1,1215,1,0,0.1449379179,13,747,1,0,0.2536552193,1
NAME:PAILLON,Paillon,,0,1,1215,1,0,0.1546890928,20,747,1,0,0.2772203642,1
NAME:PALAIS,Palais,,0,1,1215,1,0,0.1554019457,26,747,1,0,0.2698986975,1
NAME:PARDIGON,Pardigon,,0,1,1215,1,0,0.1806010116,,,,,,
NAME:PATRICE,Patrice,,0,1,1215,1,0,0.1584856397,16,747,1,0,0.2882534776,1
NAME:PELONI,Peloni,,0,2,1215,1,0.01111833522,0.1854001222,20,747,1,0,0.2772203642,1
NAME:PESANTY,Pesanty,,0,1,1215,1,0,0.1401847575,13,747,1,0,0.2354054907,1
NAME:PETRUCCI,Petrucci,,0,1,1215,1,0,0.1039739637,3,747,1,0,0.1934145709,1
NAME:PEYRARD,Peyrard,,0,1,1215,1,0,0.1546890928,20,747,1,0,0.2772203642,1
NAME:PIETRA,Piétra,,0,1,1215,1,0,0.1401847575,13,747,1,0,0.2354054907,1
NAME:PIRAINO,Piraino,,0,1,1215,1,0,0.1161722488,8,747,1,0,0.2208407342,1
NAME:PLACEMENT,Placement,,0,1,1215,1,0,0.1155530173,6,747,1,0,0.2004298764,1
NAME:POLGE,Polge,,0,1,6,0,0,0.5555555556,4,5,0,0,1,1
NAME:PONZEVERA,Ponzevera,,0,1,18,0,0,0.5,15,16,0,0,1,1
NAME:POULAIN,Poulain,,0,1,23,0,0,0.2156862745,5,11,0,0,0.5263157895,1
NAME:PRIMA,Prima,,0,1,1215,1,0,0.1161722488,8,747,1,0,0.2208407342,1
NAME:PROUST,Proust,,0,1,1215,1,0,0.1626473741,16,747,1,0,0.29474516,1
NAME:PUNCRUZI,Puncruzi,,0,1,1215,1,0,0.1806010116,,,,,,
NAME:RAFONI,Rafoni,,0,1,1215,1,0,0.1806010116,,,,,,
NAME:RAIMBAUD,Raimbaud,,0,1,1215,1,0,0.1083735047,3,747,1,0,0.2061912659,1
NAME:RAINAUD,Rainaud,,0,1,1215,1,0,0.1354910714,11,747,1,0,0.2574189096,1
NAME:RAPP,Rapp,,0,1,12,0,0,0.3333333333,3,9,0,0,0.6153846154,1
NAME:RASSELLI,Rasselli,,0,1,1215,1,0,0.1598630498,14,747,1,0,0.2907248636,1
NAME:RAVASINI GUIDO,Ravasini Guido,,0,1,1215,1,0,0.1412613451,9,747,1,0,0.223487118,1
NAME:REBILLET,Rebillet,,0,1,1215,1,0,0.1584856397,16,747,1,0,0.2882534776,1
NAME:RECLIID,Recliid,,0,1,1215,1,0,0.09151213629,12,747,1,0,0.1822178798,1
NAME:RENOUX,Renoux,,0,1,1215,1,0,0.1495073892,4,747,1,0,0.2647267566,1
NAME:RESIDENT,Résident,,0,1,1215,1,0,0.1355515855,13,747,1,0,0.2061342912,1
NAME:RESSERRER,Resserrer,,0,2,1215,1,0.008210069117,0.1156631098,10,747,1,0.01068067726,0.2006455083,0.4666666667
NAME:REVELLI,Revelli,,0,1,1215,1,0,0.1401847575,13,747,1,0,0.2354054907,1
NAME:REVUE,Revue,,0,1,1215,1,0,0.1192065986,16,747,1,0,0.2101408451,1
NAME:RIANT,Riant,,0,1,1215,1,0,0.1598630498,14,747,1,0,0.2907248636,1
NAME:RICHARD,Richard,,0,1,1215,1,0,0.1214728837,8,747,1,0,0.2205795387,1
NAME:RISOS CHRISTUS,Risos Christûs,,0,1,7,0,0,0.5454545455,5,6,0,0,1,1
NAME:RIVES,Rives,,0,1,1215,1,0,0.1806010116,,,,,,
NAME:RIVOLI,Rivoli,,0,1,1215,1,0,0.1806010116,,,,,,
NAME:ROBIN,Robin,,0,1,1215,1,0,0.1249485385,7,747,1,0,0.2321817616,1
NAME:ROLLAND,Rolland,,0,2,1215,1,0.004834970047,0.1843863913,16,747,1,0,0.2882534776,1
NAME:ROMBI,Rombi,,0,1,1215,1,0,0.1212060703,13,747,1,0,0.2231528567,1
NAME:ROUBAUD,Roubaud,,0,1,1215,1,0,0.1234994914,2,747,1,0,0.2303891291,1
NAME:ROUBINE ZORAH,Roubine Zôrah,,0,1,1215,1,0,0.1189030362,5,747,1,0,0.217239371,1
NAME:ROUPPERT,Rouppert,,0,1,1215,1,0,0.134649512,6,747,1,0,0.2007534984,1
NAME:ROUSSEAU,Rousseau,,0,1,1215,1,0,0.1806010116,,,,,,
NAME:ROUSSEAUX,Rousseaux,,0,2,1215,1,0.002686340905,0.1435666982,22,747,1,0.00714696222,0.2521974307,0.5324675325
NAME:ROY,Roy,,0,4,1215,1,0.04751122666,0.1847792998,28,747,1,0.04036245278,0.2583102493,0.417989418
NAME:ROYAT,Royat,,0,1,1215,1,0,0.1379231993,20,747,1,0,0.2592077832,1
NAME:RUGGIERA,Ruggiera,,0,1,1215,1,0,0.1806010116,,,,,,
NAME:S BARUSH,S Barush,,0,1,7,0,0,0.5454545455,5,6,0,0,1,1
NAME:S CANINO,S Canino,,0,1,1215,1,0,0.1311581677,6,747,1,0,0.2456371419,1
NAME:S HAGEGE,S Hagège,,0,1,11,0,0,0.5263157895,9,10,0,0,1,1
NAME:S REVOLON,S Révolon,,0,1,1215,1,0,0.14275635,5,747,1,0,0.2362254592,1
NAME:S TARDY,S Tardy,,0,1,1215,1,0,0.1584856397,16,747,1,0,0.2882534776,1
NAME:SAIVATORE CANINO,Saivatore Canino,,0,1,1215,1,0,0.09258694326,1,747,1,0,0.1781705278,0
NAME:SALAH DRID,Salah Drid,,0,1,1215,1,0,0.07753225188,8,747,1,0,0.1546434494,1
NAME:SALMIERI GIUSEPPE,Salmieri Giuseppe,,0,1,7,0,0,0.5454545455,5,6,0,0,1,1
NAME:SALVO SALVALOR,Salvo Salvalor,,0,1,1215,1,0,0.1412613451,9,747,1,0,0.223487118,1
NAME:SAMARAN,Samaran,,0,1,1215,1,0,0.1484107579,10,747,1,0,0.256621947,1
NAME:SARRET,Sarret,,0,1,1215,1,0,0.1806010116,,,,,,
NAME:SAUVEUR KISRA OUI,Sauveur Kisra'oui,,0,1,1215,1,0,0.1134155456,9,747,1,0,0.1983515023,1
NAME:SBRANA,Sbrana,,0,1,7,0,0,0.5454545455,5,6,0,0,1,1
NAME:SCHOULL,Schoull,,0,1,1215,1,0,0.1155530173,6,747,1,0,0.2004298764,1
NAME:SCIALOM,Scialom,,0,1,1215,1,0,0.1414588674,6,747,1,0,0.2684418856,1
NAME:SCIENCES,Sciences,,0,1,1215,1,0,0.1192065986,16,747,1,0,0.2101408451,1
NAME:SECONDER,Seconder,,0,1,1215,1,0,0.1214728837,8,747,1,0,0.2205795387,1
NAME:SECTION,Section,,0,1,1215,1,0,0.1449379179,13,747,1,0,0.2536552193,1
NAME:SEMAINE,Semaine,,0,1,2,0,0,1,,,,,,
NAME:SEMAMA,Semama,,0,1,8,0,0,0.5384615385,6,7,0,0,1,1
NAME:SENG,Seng,,0,1,4,0,0,0.6,2,3,0,0,1,1
NAME:SERL,SerL,,0,1,1215,1,0,0.1192065986,16,747,1,0,0.2101408451,1
NAME:SEUGHEOL,Séugheol,,0,1,1215,1,0,0.1806010116,,,,,,
NAME:SEUVE,Seuve,,0,1,1215,1,0,0.1806010116,,,,,,
NAME:SOCLDU,Socldu,,0,1,7,0,0,0.5454545455,5,6,0,0,1,1
NAME:SORA,Sora,,0,1,1215,1,0,0.1295347845,11,747,1,0,0.2422077922,1
NAME:SORIA,Soria,,0,1,1215,1,0,0.09001927925,5,747,1,0,0.1739333178,1
NAME:SOUIIVEL,Souiivel,,0,1,1215,1,0,0.1495073892,4,747,1,0,0.2647267566,1
NAME:SOULET,Soulet,,0,1,6,0,0,0.5555555556,4,5,0,0,1,1
NAME:SOULEYRAND,Souleyrand,,0,1,6,0,0,0.5555555556,4,5,0,0,1,1
NAME:SPEZZAFURNO,Spezzafurno,,0,1,1215,1,0,0.1295347845,11,747,1,0,0.2422077922,1
NAME:STEPHANINI,Stephanini,,0,1,1215,1,0,0.09001927925,5,747,1,0,0.1739333178,1
NAME:SUB,Sub,,0,1,1215,1,0,0.09400650457,4,747,1,0,0.167264574,1
NAME:SURLEAU,Surleau,,0,2,12,0,0.5454545455,0.4782608696,7,9,0,0.5714285714,0.8888888889,0.4285714286
NAME:TAHAR,Tahar,,0,1,1215,1,0,0.07753225188,8,747,1,0,0.1546434494,1
NAME:TANGUY,Tanguy,,0,1,1215,1,0,0.1212060703,13,747,1,0,0.2231528567,1
NAME:TEBOURBA,Tébourba,,0,1,1215,1,0,0.1401847575,13,747,1,0,0.2441898527,1
NAME:TERSAC,Tersac,,0,1,1215,1,0,0.1806010116,,,,,,
NAME:THOMAS,Thomas,,0,1,1215,1,0,0.1806010116,,,,,,
NAME:THUILLIER,Thuillier,,0,2,1215,1,0.004522907673,0.1811940299,10,747,1,0,0.256621947,1
NAME:TIVEYRAT,Tiveyrat,,0,1,1215,1,0,0.1379231993,20,747,1,0,0.2592077832,1
NAME:TLIALA,Tliala,,0,1,1215,1,0,0.1509574733,16,747,1,0,0.2717668488,1
NAME:TOMASINI,Tomasini,,0,1,1215,1,0,0.1806010116,,,,,,
NAME:TOUKI ANGE,Touki Ange,,0,1,8,0,0,0.5384615385,6,7,0,0,1,1
NAME:TOUTES,Toutes,,0,1,1215,1,0,0.1220836685,10,747,1,0,0.2258552831,1
NAME:TRAVAIL,Travail,,0,1,1215,1,0,0.1192065986,16,747,1,0,0.2101408451,1
NAME:TRIBEAUDOT,Tribeaudot,,0,1,4,0,0,0.6,2,3,0,0,1,1
NAME:TRONCHE,Tronche,,0,1,1215,1,0,0.1495073892,4,747,1,0,0.2647267566,1
NAME:TRONCHORE,Tronchôre,,0,1,1215,1,0,0.1330848498,6,7,0,0,1,1
NAME:TROUCHE,Trouche,,0,1,1215,1,0,0.1330556773,8,747,1,0,0.2494983278,1
NAME:TROUS I,Trous- I,,0,1,1215,1,0,0.1355515855,13,747,1,0,0.2061342912,1
NAME:TRUELLE,Truelle,,0,2,1215,1,0.002218311786,0.14057434,15,747,1,0.003738125618,0.2669051878,0.4666666667
NAME:TUZEL S PAUL,Tuzel-S'- Paul,,0,1,1215,1,0,0.1333772797,10,747,1,0,0.1804547654,1
NAME:UGO MORENO,Ugo Moreno,,0,1,1215,1,0,0.131044905,13,747,1,0,0.2449917898,1
NAME:V BENSASSON,V Bensasson,,0,2,1215,1,0.003428139266,0.1574987026,28,747,1,0.01061604899,0.2782543827,0.8624338624
NAME:V SITRUK,V Sitruk,,0,1,1215,1,0,0.1414588674,6,747,1,0,0.2684418856,1
NAME:VACON,Vacon,,0,2,1215,1,0.002686340905,0.1435666982,22,747,1,0.00714696222,0.2521974307,0.5324675325
NAME:VALENSI ALBERTO,Valensi Alberto,,0,1,1215,1,0,0.1412613451,9,747,1,0,0.223487118,1
NAME:VALENSI THEODORE,Valensi Théodore,,0,1,1215,1,0,0.1219365207,7,747,1,0,0.2240913187,1
NAME:VALLADE,Vallade,,0,1,1215,1,0,0.134649512,6,747,1,0,0.2007534984,1
NAME:VERRV,Verrv,,0,1,13,0,0,0.4444444444,8,10,0,0,0.9,1
NAME:VIAL,Vial,,0,1,1215,1,0,0.1333772797,10,747,1,0,0.1804547654,1
NAME:VICTOR LUMBROSO,Victor Lumbroso,,0,1,11,0,0,0.5263157895,9,10,0,0,1,1
NAME:VICTOR ROY,Victor Roy,,0,1,1215,1,0,0.1083735047,3,747,1,0,0.2061912659,1
NAME:VICTOR SACUTO,Victor Sacuto,,0,1,7,0,0,0.5454545455,5,6,0,0,1,1
NAME:VICTOR SCIALOM,Victor Scialom,,0,1,1215,1,0,0.1414588674,6,747,1,0,0.2684418856,1
NAME:VICTOR SLAMA,Victor Slama,,0,1,1215,1,0,0.121838619,7,747,1,0,0.2251056126,1
NAME:VIE,Vie,,0,1,7,0,0,0.5454545455,5,6,0,0,1,1
NAME:VILLATFE,Villatfe,,0,1,1215,1,0,0.1379231993,20,747,1,0,0.2592077832,1
NAME:VINCENT,Vincent,,0,1,1215,1,0,0.1183928223,4,747,1,0,0.2175561388,1
NAME:VINVENT,Vinvent,,0,1,1215,1,0,0.1220836685,10,747,1,0,0.2258552831,1
NAME:VOLET,Volet,,0,1,1215,1,0,0.1220836685,10,747,1,0,0.2258552831,1
NAME:VULGARISER,Vulgariser,,0,1,8,0,0,0.5384615385,6,7,0,0,1,1
NAME:WALCB,Walcb,,0,1,1215,1,0,0.1234994914,2,747,1,0,0.2303891291,1
NAME:WARZEE,Warzée,,0,1,1215,1,0,0.1806010116,,,,,,
NAME:WERLEMBERG,Werlemberg,,0,1,1215,1,0,0.09380312162,12,747,1,0,0.1802367722,1
NAME:ZAOUCHE,Zaouche,,0,1,1215,1,0,0.08198271205,14,747,1,0,0.1565253882,1
